x1,x2
-0.5623197529376424,-2.2744913096467174
0.505550488720138,-1.4515861652820807
-0.857811647528123,-0.27121493056582446
-0.7352616768582236,-3.40250053308577
-1.244368749652711,-2.199161883401363
1.0339634760650147,-2.6430473499459035
-1.1078683945266046,-1.941599373726427
0.9771568233661176,-1.5294837750835688
-1.4893489406363887,-2.0272966913128085
0.32626646361956413,-2.5025678591235074
-0.7054832931223808,-1.3631820734888334
-1.0656968680008638,-1.6850036520313552
1.736795074066959,-0.5546874753380111
-0.0616941224555599,-0.7116271121553213
-1.2130858207854165,-3.0981101626515506
-2.5372227628531316,-2.004896768361141
1.336317339992,-3.0451189932749436
-1.1381622379485599,-1.219410899904661
-0.17943805505022464,-0.8858627351038395
0.9226989537689183,-1.3349715546523326
-0.4316486859658869,-3.701904691880136
0.6713698454215064,-1.2537377134761267
-1.6890675803798365,-1.831809328843267
1.4051940314299805,-2.399205408532072
0.5039897773579821,-0.9480028243102205
0.616629584590905,-1.493457292597975
1.3620785262933395,-2.240790964765636
0.09759860831165515,-2.352894874895147
0.9847179565229989,0.558189409212833
-1.3661680420712927,-1.445625991361192
-0.12730288164567533,-2.1688952720763965
0.6463635689518612,-2.003270483292385
-1.144727003062853,-2.035898467878894
0.09357739977404386,-2.3878582031908335
0.5933714327940725,-3.065036299896212
0.4170263922793358,-1.5902782700682376
-0.8446248048914169,-2.696140853448622
-0.5216778224821992,-2.892954351987614
1.8415296497158429,0.21500297785520628
0.5198745031150743,-3.255067565586848
0.461053064877098,-0.909221830055035
0.250778595503201,-2.322369740416449
-0.20573488761429387,-0.777527039420425
0.6777364971294136,-3.0513549301071965
1.0237683614429591,-1.6330917700966796
-2.0028149207262413,-3.900231720433096
-0.8244421221225204,-1.5264659572992034
0.5207933305490092,-1.2971032648521514
1.5286718697885877,-2.8410008529067543
0.38862849422647816,-2.576780909499212
-1.177103902053581,-1.5185910258361526
-0.8729617323798661,-1.143905508272145
-0.6061175992919656,-1.5532946325238086
0.11570677384203899,-1.4622287186666219
-0.6049404590224686,-3.1725696212331167
-1.086832204045934,-1.30282384882987
-0.5904396665073025,-3.711313457479696
-0.6374054684501441,-1.9915707521832817
-0.248480498839101,-1.4938643705202341
-0.6065026824851084,-2.129580264772451
0.05254545251982485,-0.471931368500359
1.7047034523114817,-3.1185089487924436
-0.21798744267646766,-1.5631223968482706
0.14336301510476127,-1.8608736504094987
-0.9991818545706057,-0.24155588948763174
2.2641166450088113,-1.7510966925094695
1.581689442731776,-2.112793344000161
0.654548290686517,-2.1762186214604435
-0.32102076994766793,-1.143638230625748
-0.9117058872013126,-2.609071922756592
0.564107339570843,-1.3848056664799064
0.61921576166179,-3.464179304484056
-0.2646185817193819,-2.1027451829127677
-0.26931722561458654,-2.35878313381276
1.6123809450859408,-2.045965614156419
0.3937511390322721,-1.8087174564428712
-1.6303447567664826,-2.8656896658656508
-0.4636152020592007,-2.6294117981762932
-0.5423114653333906,-2.26799160679433
-1.0900904805350538,-2.2339490171248704
0.04556730424663624,-2.5230307231695104
2.0288377123609993,-0.5203106164128848
-1.6523451770123028,-1.7460552513866205
-1.0252894460577557,-1.901059319034499
1.7337314833728814,-2.8756904473874654
-1.5118541873257907,-1.454721131529626
-0.9117266683171718,-1.1696793735147901
-1.1204953858139335,-2.1664060247372907
-0.7121721040289379,-2.261286087247937
-0.8547261393725399,-1.3372583117800505
-1.8189321241276122,-1.3414559029692654
-0.27429753548617714,-1.498731456444734
0.9348582314663539,-0.6756786721754351
-0.390336932760005,-2.5942905143632675
0.5534786908850557,-1.688212899565463
0.7761097627491608,-1.3397131130549371
2.4787505977893742,-1.4022292844688802
0.13440398655555882,-1.7238508013234553
0.4734464691579394,-1.243505297837046
-0.40523955784401006,-1.7164038869359688
-1.6967342259208125,-2.272831135578103
0.45757369557157296,-0.8511276389299764
1.3192320691246449,-1.9456950394843273
2.0897374083872857,-1.674596035333874
-1.15877686762598,-0.9734711029114584
0.10939768341718191,-1.334190095505059
-0.8721613334486443,-1.7716954999636056
1.1161620979849785,-0.8118164595037305
-1.878652192455623,-2.9195210641701568
-0.4316803581257583,-2.170469295146607
0.5470286645528358,-2.596917206546409
0.4349205527597809,-1.0914700251981373
-1.1878771887028394,-1.575271011239034
-0.24287738726480032,-1.9662432838672728
0.9706925063047135,-0.6307988056485156
0.3944250267659974,-1.7716786845639194
-1.49038600378768,-2.3742141728211763
0.4389978684442662,-2.164186834913498
-0.4412930103556225,-2.006681390490249
0.9653481150029335,-0.6651450776488743
2.120304727067,-2.658114747243668
-1.3759042870273919,-2.3257162220043917
-1.3704683783512095,-1.4414487353556837
-0.8040568747418313,-2.2816085478564716
0.7853310114033619,-2.1699518047707436
0.653765201853595,-1.499644054136331
2.203443262875768,-1.1697129764809246
-0.8854834744807307,-1.2569770716701902
-0.4500431805415363,-1.2861017834415476
-0.8280194004630821,-1.324713527487217
0.9605882316075898,-0.6156230629244854
-1.306917476463843,-2.976462863847151
-0.7187598611049847,-2.654134643995585
-0.8342395182480274,-2.4648372912568774
-0.5762434332159434,-2.9910748839663954
0.38747210411637045,-0.16413595147719984
-0.2629099865184741,-0.3740524479443801
-0.08918967450977146,-1.8587735807578507
0.004374215400923608,-0.3355471369913994
0.8041251081370187,-1.3887224369214741
0.11533972998273903,-0.19201842323922036
0.2229468605205808,-2.041689685426115
0.8693223684701393,-2.2895620810067054
0.2906524490739032,0.03670779667233681
-2.282656565460922,-1.4769586483071047
0.9765759866321605,-2.363187054288896
1.8464377777360217,-2.075652435676335
0.4412701456307992,-0.8979001534623074
-1.6727592782716254,-3.2642373021355207
-0.3738315025780582,-2.268791789789093
-0.9782737491867558,-3.1896280041931617
-0.1495230765259678,-0.5106258229984404
0.15683615885121333,-2.0382054711018975
-1.2073799804432512,0.07653105532894822
-0.08576336724568914,-3.1210881610980175
0.6719610819848427,-1.9180996289041048
0.24560294607807695,-0.9533335951322734
0.6445955623798897,-2.136969944517686
-1.1818170353572237,-2.5972880997408834
-0.5649644593722185,-2.395275006354807
-0.968019553474047,-1.9798461246417733
1.2756113242937241,-2.577921684951624
0.2293124875390698,-1.0142348223195032
-0.7187898848793699,-1.2670522108089033
-0.3701600304113938,-1.6743357389467874
-1.6331226744639986,-2.627865426756618
-0.11562633221047845,-3.2344174206990366
-0.34657109755493337,-2.4190618285028624
0.5170910004143991,-2.606835956293286
1.4492987458151432,-1.1815908364445011
0.43493098514871276,-3.1680069284886594
0.5431073390614682,-2.228982312443214
2.334031395934815,-2.083800115660217
1.5694839006271892,-1.9824218171339991
1.2890336377031957,-1.3984395695665328
0.7585862031972239,-1.8687817883801963
-0.3177074102315996,-1.7756611821282093
0.8575653029615102,-1.540000712286043
1.2365793705411765,-3.485992396860782
-1.1704058043576835,-1.3568526545868012
-1.1875116228307168,-3.085346135700565
0.18440745564615527,-2.6091674928091617
-1.0653467232257117,-2.5960923337899837
-1.073832771261846,-2.636675529930211
0.2005326504340063,-2.0967184241078693
-1.1505194537068837,-1.8250931526954592
-0.03666744489971057,-2.9056826613161912
0.40567852539076565,-1.5948755548196494
-0.47144927673622494,-2.0164327513141704
-1.3318140323541323,-2.8126296959604224
0.45324162120903566,-3.453936714985315
0.738645509049256,-3.0677843301067993
-0.5588549783376305,-1.9690267921470945
0.2789090114582506,-3.162927422717014
-0.15931522218219407,-3.2267578460519752
0.2936040832675258,-2.5540904897709424
0.2791793468069531,-0.5281408895402033
1.5436504404234819,-3.016053335989467
-0.6535992275774899,-3.1189031975051345
0.7042735602231347,-2.8802581648444363
0.1385607495142731,-2.031185971833906
-0.5590539243825642,-3.3390000647231597
-1.6314597236587063,-3.424167700615431
0.8220014998793986,-2.8070151125188527
1.0675720370203654,-3.0306486638759083
-1.4016938904914826,-0.5946422993391052
-0.4852789807447602,-1.177243734202773
-0.10149363434639182,-3.676236828198416
-0.7386953205218479,-2.8320927814504993
0.37615384450687106,-2.9160791857321255
1.0580233722777999,-1.8695087047342316
-0.282818990530513,-2.611343020149398
0.7612277087530775,-2.6777272724662753
-0.44107340800656597,-2.3223960814838907
0.7129745546586308,-2.5007094461919004
0.08575218481726606,-2.8801598234238948
0.016294768195763764,-1.4216424342663156
-0.5772885065721166,-1.6838308813902843
1.2435177645284357,-3.2179727696852574
-0.3165780506838967,-2.5191670634515524
1.0826951660267043,-1.5288240840879936
-0.11422450231674328,-0.31154517420697614
-0.8957167245904006,-2.511208201492223
-0.3899954405861932,-1.0522615567666656
-0.7752983419333185,-2.3590964674842443
0.27415531012138994,-2.063704626474227
1.585932482161455,-0.43544384482109044
0.28767659674847257,-3.4663666246882134
-0.7099700996958477,-2.4545482563818544
0.17334704726533307,-0.23669482446409562
-0.39781714423953735,-1.941051785041055
2.205621958911941,-2.2320057169471754
1.3794499297704692,-1.266591561895497
-0.3977126831395069,-4.564294514302588
0.35791486173468795,-2.789325041026117
-1.0734870540806898,-1.7243802996514146
1.1251955551995008,-1.991508273606675
-1.1298583437481202,-1.5895611514388501
-1.311195940393778,-1.2994825757891528
-0.012450090601219899,-2.48083832580263
1.0095711658428907,-2.1399479428555486
-0.7334376321512953,-2.1956681651833545
1.3467758444241693,-0.30176436606329293
0.40761420453383557,-0.9282396027534698
0.7638548244058225,0.8814357620638464
-1.843217678682747,-1.4675386063496183
0.01903007677976298,-1.8615593942442563
-1.280192165454056,-1.8508697721575849
-0.07347782710279635,-1.7103273653802165
-0.9954299942246264,-2.5534727139447995
1.0605792502997682,0.07255885417298513
-0.33362672987957176,-1.0600208943012492
0.9844180773250605,-4.263787470033874
0.29699897868764746,-1.944186310289559
0.6897724445573318,-2.038909239754525
0.30344548663563825,-0.5470229703215224
-0.3374383566225804,-1.7375422947060704
0.426397576333672,-2.0315718779762597
3.2343982148411925,-1.6702453842824043
0.356055445688237,-2.130839125368785
-1.1983646288982983,-2.26210988878027
-0.098110248706533107,-1.5278894206256632
-0.3297406670571802,-2.3651518637404045
-0.15995261349648449,-3.0080011642525406
-2.1967629617938664,-3.1229474492954963
0.7605655326241927,-2.539154695350729
1.1628768031757952,-0.8339741267100325
0.7504815485236745,-1.3168362173895831
0.38035318425107806,-2.4378652516129224
0.21289669230670788,-1.3546577006640916
-0.5367134290127306,-3.398333595813699
-0.38133468741454685,-3.86830337228975
0.8583330087859218,-1.731958022419903
-1.473046503556761,-1.7905597191161442
0.4948167912499894,-3.120423973464959
0.6605128693247903,-2.7373748772261983
-0.48401790816188434,-2.3960960732052325
-0.16072200467818365,-2.609499349791123
0.12849745908020427,-0.3022108166229094
-1.9330474244328744,-2.388864675211751
0.07211393581085676,-1.1833769874211097
0.9812112621702445,-2.2731463958053473
-0.1251872793779931,-1.4252563505411737
0.3612492336140201,-0.8960530724055653
-0.1547398408331503,-1.915937364574128
1.170787001116227,-3.8072156129458112
0.615536295586897,-1.4873752475243154
0.5800379593355196,-3.1336404954944737
-2.933733667227221,-1.2033050119667226
-0.32209882989327193,-0.4644025423882876
-0.30546149149557966,-2.7748229880000097
-0.5729126222556871,-1.3530404738002102
0.46625546351575303,-1.973657377328709
-0.5482652704774438,-1.5203194715607669
1.0791877481173124,-2.4003631928946496
0.3219771280306044,-0.8187709504390905
-2.3827865065715317,-0.7245149084489246
-1.2543808716784863,-2.273753251680012
-1.5250033610405358,-2.254488483216816
0.6918644279486643,-2.6502586460746205
0.5160208542392282,-1.9539316501213568
0.7412717778170786,-0.6635390775722649
-1.4501550795687033,-0.18622356398416118
-0.9781043032752275,-2.730472714619522
-0.5993398556606893,-3.1256355820455215
-1.0151535860991912,-1.7082036179417261
-0.34024814726344466,-1.374101819735785
1.4266127946679794,-1.7799536687734465
-0.09999779865925132,-4.223768579387306
-2.6469725459611926,-2.123431582426905
-0.32428965950558925,-3.3040536245740366
0.24740282600869812,-1.7407655620237084
2.196704734674929,0.09069921530056657
0.6032401334045265,-2.2644133267596223
0.22552027583748882,-0.38494518869306127
-0.821204177133159,-2.0330260692913518
-0.29346812226893415,-3.3967317493962024
-1.1089787416760346,-3.2085705576762784
-1.2891602933404531,-2.9521401931713465
-0.697311173134321,-2.543084429872763
0.6420591019174335,-0.7174646836674661
-0.03832769407350652,-1.9707795192682211
-0.7906095259899637,-2.3764534451277495
1.538807509592056,-1.1392885603875693
0.23917754140756559,-0.26567027843663427
0.3853182806835352,-3.9043063590157807
1.6745035243617072,-3.412506584919978
-0.49303994473478874,-1.185105867825309
2.155123840146331,-3.8908635400547444
0.18124957196249847,-1.6472644016023774
-0.8426922606263195,-2.8530971255417223
0.17227359897472774,-3.4992288815762844
1.543290161233096,-3.9125436953113972
-0.7292853934109788,-0.6572218677949679
-1.1002585023768896,-0.0447854353370416
-0.4754480710680622,-0.8390603424245959
-0.3614395543949773,-1.8242605780125005
-0.25291714613377503,-1.577812135008151
-0.8966905200293336,0.7713152685066138
-1.2697912708563093,-2.14953377932746
-1.4297050439122556,-2.722502046352949
-0.12513250794768901,-1.8659239054848882
-0.2652859657325537,-3.0964459176765953
0.7392024450049559,-3.4198794705665048
-0.11639010121948784,-3.3847877758459486
-1.3155734069933376,-2.7011600282161092
0.31461403957996836,-1.1881675857999243
0.6092552335545349,-3.134275393334982
0.16093929079950073,-1.9821238075678762
-0.3116142089279279,0.38150363979139623
-0.9505447865524775,-2.1299212462057198
0.32202850187211046,-1.3319017435531357
1.3817106720839303,-1.800998175100742
-1.6229844258093555,-2.4994572594642017
0.19157924129646972,-2.0923235358197325
-0.2618820572341629,-3.8618200937610747
-1.2444870805282604,-1.9201462643574863
0.8760389830497711,-2.698385444144924
1.257752984145829,-2.4933663545357962
-1.2757412027338442,-1.8370499059943612
0.15216618793088096,-1.1062290589949109
-1.0177197334342365,-0.8754004055328373
-0.0519183175270687,-2.8043569540647644
-0.15469341406462786,-3.13108797784065
-0.2868253029008613,-0.923902245811709
0.09873487442483249,-3.8388577861417543
-0.6194087075581571,-1.4616167196541376
2.8050902967308615,-2.13614409867659
0.4490328453355037,-0.4273370657268363
-0.12461286639351461,-2.0741040698263626
0.7628855688307797,-2.193995307535377
-1.732833040376445,-2.7787442331680494
0.6136015624754969,-1.4600971727709053
-0.49380179175452305,-2.3985856503938723
0.467223642791754,-1.6073557445149902
-0.23163140097592425,-1.190902611299709
1.293708002839824,-1.821134388450349
-0.7757556176731035,-0.3158336219475155
-1.55612752857548,-1.7047249211841038
-2.690751975944616,-1.118585899894702
2.6122381123938454,-4.0199411356158645
0.40522860426293,-2.1137026720984124
-0.8605245565783857,-0.09571031905820071
0.8832274755510582,-2.5750441415538923
-0.7933278829963801,-2.702404665860789
0.20991675846195196,0.009489716802134396
-0.2878085262710814,-1.5418806917391927
-0.5390491889985678,-2.0816259338182825
-1.781863903969296,-2.878247768109673
-0.9054086528494127,-0.9311550443462355
0.7073430786979457,-2.570420560641434
0.08360948811239259,-2.1893622855838055
0.9649869629594912,-2.804083052630774
-0.549678611558618,-2.6458935261668888
-0.14720874981572393,-0.9486174112895471
-1.022226456652528,-2.3214383186835335
0.47812701897112314,-4.74156481594529
-1.3628104535072814,-2.5449654904848975
3.3873460437344525,-2.9064403466300073
0.06819126707563657,-2.3125566651827065
0.7030222328014261,-2.666844470309412
1.2045992735711115,-1.4223685873709084
0.24720830078612618,-3.5133578494826514
-0.8297024822879129,-2.559333107518973
-1.028276364797162,-0.4314808630771889
-0.006762490637533201,-2.1081007535482974
-1.1465944428630146,-1.1656336579232858
-1.7596416281301055,-1.7344428621513548
-1.0914648086957641,-1.6793715978942583
-0.3993691701357051,-1.4161486763629143
1.5833953193131836,-2.476105366776232
-1.1929528240111025,-1.2438343499326288
0.1515375097254008,-1.7528616275624596
-0.46521843765765486,-2.0017668401736906
-0.06628330198152187,-1.1230107182078672
1.1891276645190874,-3.6156204083189967
1.1197663266306848,-2.6664108645137845
0.005045050596786018,0.5774678703275327
1.8437295895696257,-1.062241470340094
0.7149275156287731,-2.3726579414836904
-0.8830985512050902,-0.4500912678739648
-1.2271334101720226,-2.3126500613032936
0.7040155652659132,-2.6130409992027523
-1.101818531598554,-1.4139751351893262
-0.18007416148685995,-2.0693084781637805
-0.1840769160206288,-1.0429617436181942
-0.9175269566318961,-3.159866173292951
0.18071148901946946,-2.5508666084803995
-1.5429202953886665,-1.419570395271493
1.380219587811928,-4.131484869438657
2.082400438381933,-1.6103105255896684
-0.1230113204346254,-1.7624984127041579
1.715103878554725,-1.7931308202288467
0.6807660142608669,-2.944416375045823
0.25064394012134594,0.15183053489065124
0.5634242438526801,-0.2660936975583783
-0.15523881203461218,-1.7603064214334185
0.9340825372629742,-1.589212994597861
-0.6409072061654324,-2.4494845114160517
-0.7432997919878731,-2.6539673395253023
-1.6479923115347055,-2.5457159660689435
2.1043127353481803,-1.8522571061513586
0.08678129738633135,-2.0182657672299604
0.3086090531250732,-1.9034675375798014
-0.9623379612127021,-2.8052865814651855
-1.5455297023024286,-2.723232048149141
-0.9249920266311253,-0.06932917330897381
-0.038042272379014065,-3.0370533482954003
1.0034725120091639,-2.389960517479829
1.1381892960108788,-3.555221842173286
-0.08733787280226887,-1.1746067436847465
-0.04728143237648703,-2.136542798473827
0.5670636746960163,-2.027774197575349
-0.3019776596089127,-1.2830278754719275
-2.253069515456062,-0.2949737980126028
1.0145822912050768,-3.0330437797223357
-1.2617923264314268,-1.4556339477541433
-0.40566793870501316,-2.43031628947787
1.0211069340532948,-2.7422592067962697
0.3343360223232359,-1.79188487791054
-0.6629770760512491,-1.7220927205263572
0.3270435877289145,-2.0159335238482123
0.35903858207532335,-2.1520945348236378
-0.8667998936520009,-3.017701992786031
-0.7834295915364097,-1.4045663376914397
0.8715807858266981,-3.11130952064152
-0.802340326187778,0.11919675406542085
1.3014479618280963,-1.7933691245250671
0.5463881771494835,-1.2907944069805901
-0.04201992612394042,-0.012136576170273417
0.7440895180741681,-3.5328366331972667
1.6196983711364603,-1.7179232958139754
0.5401131160971563,-1.7676487598285586
-0.5116882144606124,-1.6843640750193993
0.8776534955139652,-1.305468996969616
2.6996260358891147,-1.6088804082804138
1.2266486644306949,-1.3353928626003757
1.1331627923042815,-2.770067516219596
-1.079034590188314,-2.403144391871699
0.9163427535889334,-0.32997939245590935
2.135425909190098,-1.7709926062965624
-1.4316870437375502,-3.612501946249935
1.0337241278267184,-1.4181148496852463
-0.2230541166357826,-1.387074635508076
-0.0953568538259322,-0.27117598923870245
-0.7095873001315302,-3.012407642734245
0.9334451929318933,-2.303592943957857
0.4966566161692368,-3.0984913206843547
0.5852821058258068,-3.324892815354918
1.0256916946783334,-2.1351929211887497
-0.504324183687955,-0.7122933452942233
0.23199827556648803,-0.8329500261172629
-2.1041934380602187,-2.748140284165548
-1.2579639603931356,-0.9611372007058174
-0.22595189254750372,-2.4647450122810275
0.2603057143302585,-3.5372944012045613
-0.5971876843842089,-2.3060121279719135
-1.2907386363987803,-2.5888649244983513
2.2438665569912035,-2.357151427525017
1.858646110399951,-2.0111701967406925
0.33105170884986823,-0.9628254751954317
-0.6169421867856788,-1.7201237314269706
2.0449439000683394,-1.4977981511019918
-2.3617363688229185,-1.8992367226418867
0.9353446318832701,-2.454925386277176
0.4956072155595769,-1.8940148160756012
0.9480217911554311,-0.89424594369851
-0.7109756648754637,-0.6694952289435832
0.013822504735392363,-2.735556222023554
-0.17343623710877168,-2.1610777956756553
-0.4665699408442517,-0.5082178085673354
0.6871814710694952,-1.188221244873338
1.3826390954701495,-1.925076514931381
-0.9985760678701674,-1.9053284058639668
-1.7281293412513108,-0.8624926119430902
-1.6785988543196497,-2.617258337668199
0.2747773047275741,-3.0645224583693915
0.3411637367990016,-4.606179262089663
0.3041656058635503,-1.1361830087201494
1.179470899696561,-2.1426158624487535
0.024505367951518874,-1.6193002204642368
2.0083773885007017,-1.5190077673227436
-0.11694975843733552,-3.3938221527429757
0.14738230973542918,-2.698044510643185
0.13083164212851456,-2.3410906277159467
-0.1786672477083745,-3.2515685105786982
1.2652249808834843,-2.30810370073082
0.7955035691034693,-3.125551485408729
-0.004185788130520133,-0.06150866399719379
-0.897492025423226,-2.291593126951681
1.7945687058043547,-3.430082054771266
0.12675125805008156,-3.0494756983342013
1.1404635454388683,-0.9450637635043919
0.6508239251032379,-1.6722672134215737
-0.8920086576771673,-2.163518634128637
-1.1755370867515482,-4.2993409335395905
-0.34316558750103815,-3.0197583293651595
0.14157199581919022,-1.056745201656077
0.07257058534020797,-2.3713870441402336
-1.6405631928144373,-3.4569690404349043
-0.27738078348648343,-0.7724840724011819
2.0404023405360405,-3.5088584983223363
-1.4702548000068365,-0.6223924993207832
0.4839179842928666,-1.1051979341433054
0.3511388895687174,-1.956875096177309
-0.6145347421193986,-2.644532888642901
0.27290062409859556,0.04319364372530998
-0.44186432851196433,-1.416262723455127
0.8876608829334964,-2.2985636415400195
0.42078491296710135,-2.2321987549456064
-0.8132367426493028,-1.8164571302419354
-1.8573030935257935,-1.948022596360453
-0.6713449859368686,-3.5934449121802494
-0.17534782560271384,-3.3497861687188264
-0.2428511467406501,-3.1648940316805803
-0.759339093438978,-2.335372900513525
-0.007681085559941363,-2.5067057778681607
-0.5883745653566241,-1.1751424306590534
-0.9912663808037011,-0.1018840888025434
-0.4623318956734496,-4.007194241590975
-0.2632124583294847,-2.32932777511785
0.9363448012304925,-1.5106475000994373
0.16551992644588895,-1.9276411243868692
-0.14033873345635628,-3.1042900550880366
-0.6677720945674811,-1.9486919442440827
0.4007257138761258,-1.974281060144802
0.8082245204097324,-3.095496998421354
-0.6771705733836262,-2.731703249437855
-2.1306587409904143,-1.982701491615577
-0.05975698960736975,-0.32341546592031456
2.4089896971773204,-2.3853995095322493
-0.9781926667050107,-1.80949418409125
-0.7751361116949084,-3.0356494720519795
-1.0383846665598473,-1.3118041723419505
-1.3870757150849182,-3.136525175972729
0.7452166811458704,-2.998817676050195
0.41936688125216665,-2.33954574311836
-2.1290791679437095,-2.8116223926534767
1.4751469657520415,-2.234335156744579
-1.2260118182735433,-1.597777640549372
0.07083507485117609,-1.6711043308457685
0.4905604108100517,-1.8113547193096946
-0.1412686528974803,-1.139557487623301
0.848446118608529,-3.3749650467934833
0.7765835101222551,-1.695146543625747
1.750268262979022,-2.0102008288453086
0.14603684215779533,-2.221126848976907
-0.3445121273421494,-1.495643815699626
-1.7010177703031484,-1.6963157752986933
1.5705235835953257,-2.4017206810562066
0.4727694265329384,-2.4946878049844794
0.3049452026735487,-2.3258026685069493
-0.9715512272124257,-2.33677497095146
-0.49403005788583376,-2.511268776356245
-2.3042531314999772,-1.852803520679908
-0.3720462702998524,-0.004033781375421652
1.0162647156201512,-1.0599332711128042
-0.0650100592694958,1.7647834521223102
-0.3981034874648931,-1.3250541228706303
0.15828513984254358,-1.412248614067599
-0.10622900910887953,-3.340454132441214
-0.07570726413617945,-1.749816573886327
-0.32546437157743285,-1.2454169591975077
1.5637243146770445,-2.278097125690267
1.115264787700701,-0.762643974020109
1.3963256748543291,-2.8471658569831177
-0.5480550127632408,-2.211997049723318
-0.6852014080773557,-1.439138723610181
-1.2052525903100195,-2.3189154981406115
0.9918556943932458,-2.6095618387586668
0.16143605806731373,-2.900241028249151
-0.5955110807741596,-1.091256605341274
1.206219042432876,-3.2398348390409084
0.8008842108005269,-2.843686361305563
1.33536447800943,-2.6572845882215668
0.17636607475205116,-1.5826653742322658
-1.8579685630603704,-0.9027284591427811
1.1353463455511965,-1.6109695435744005
0.6187779684666982,-0.9458025399656862
-0.934518499191922,-4.33725365425042
-0.23291977967477234,-3.760728018826832
-0.37502420970849953,-2.868394793173592
-0.03792101337939308,-0.8420811811524134
0.7288243860612285,-1.970802404099352
0.05362651938657293,-3.1299212508870005
-0.3354392614752036,-1.2226109682814723
-0.48171372452970296,-2.815607735781736
0.17882298553768144,-1.2041417361496702
0.7909699747818154,-2.8452738872438395
0.2871385838694665,-1.2781940007706583
0.14845454302445432,-3.073935392484592
0.5267468003173654,-1.3507320423231899
-0.5336764089371463,-2.403613279400747
0.4827471193173391,-1.7977444480940994
-1.3316460390622613,-2.2156590453527265
0.19255131608243012,-1.7290515406718323
1.4797817316502466,-1.092615291784628
-2.2359829595856824,-1.3942912056386358
0.290819933394607,-1.518300697146284
0.9378576294707553,-1.9166249416840584
0.8955817913208997,-2.1570189888207385
1.3146547852522534,-2.788867641417637
-1.2772920930399763,-1.5354332143503717
1.048806069547981,-3.6477869373835246
0.30723195226339917,-1.7228897136392891
-0.2184925171290432,-2.4180021193372383
-0.6681433817390602,-2.656500726079181
0.6953858551125301,-3.558133737896849
-0.38021248149825587,-2.2098602890027337
-1.7494796745943737,-1.3608615613287245
0.9982950944675706,-1.7761935394230453
-0.49597531016854884,-2.472077439674341
0.4303280051673187,-2.4052935231912302
0.1638297880502361,0.031232818976643983
-2.2300291899301077,-1.4042178137461905
-1.3113162798730087,-0.3638977764753193
-1.1862322440377024,-2.946708171316873
-1.4570174134768925,-1.6657916838702473
-0.4260670003227391,-2.2799260972906996
0.017589340463188382,-3.966844947195132
-0.9431210038392529,-2.118907130314517
-1.2504667923006543,-2.7164940891923606
-1.181079518842511,-2.8030244605923036
-1.355846179984167,-3.1672423388102313
-0.2338422578441318,-1.1496490979895606
0.009778224591738367,-2.6243183468358886
0.27647152282345516,-0.21761924452974868
0.5196140152714676,-1.1185443236004584
-0.061612142507711215,-1.305737017242643
-0.7387066652328608,-2.4488509441423347
1.475676517314663,-1.3547975474666851
-0.43705618318709805,-3.055883736803282
0.7618136698784239,-1.6892305910687424
-0.6532581729397778,-1.4479518537671283
-1.906144870376829,-2.3560267771221293
-0.28711556539294003,-1.9049641433752076
1.272701162623529,-3.8626190001243215
-0.8364892489975554,-2.450721323323335
0.7378036790649162,-1.4165116284383907
-0.48638465711708706,-3.1069179946206282
1.0758032179660342,-2.4179942949880755
0.228509954071191,-2.913328231257167
0.4076822771802939,-1.3224205094689616
0.6668074661228593,-0.5722487744505751
-1.0801895755240225,-2.6555489099517366
0.34974886154829254,-2.095922890785814
0.4613094980788457,-1.8696260945529652
0.5381401713328162,-1.0428273871488105
-0.738038755042428,0.15001266495983367
0.8924274390930657,-2.827409398359649
-0.13793711342113413,-3.237375946522035
0.5731962933849781,-1.657170034670028
-0.09917450399084524,-3.640225957905094
-0.3980518520714496,-1.106666291254657
-0.059557566841911935,-1.8621553021434671
2.8218731746637755,-2.73977386043749
2.9171141226524155,-3.2804140993016477
0.6546527060536521,-1.245668498724137
0.047430075417981,-1.9087039468813578
1.631527702084119,-3.5824555576497064
0.8137015383774001,-3.2309381570287954
-0.09262567726050033,-0.28780026316212015
0.35839813862581105,-0.85013743788656
-0.2755097677128305,-2.2733025652958956
-0.1562193625315301,-2.291947703123642
1.136045455578567,-1.3291683041549325
-0.7475698326618619,-1.258397952823423
-1.8249964980240272,-1.2184298992642422
1.3090527993162009,-3.5293183064569877
1.693726812097166,-1.9553847873322454
-2.249919418900105,-1.9933646382242296
-0.19149838073566908,0.8970219426249453
0.19239011533284178,-0.7793812868539032
-0.4209525730328988,-2.604853552413143
-0.36306473726116995,-1.641124012798476
-0.5698205948652396,-2.2865201507032404
1.21024898019094,-1.785666231178208
0.8140846868574136,-2.6213065319537634
1.0357734452158651,-1.770008711538332
-0.038894622973499306,-5.0651898375188855
1.0458768681246742,-2.135907604853519
-0.6129267067064537,-1.769691800335152
0.052629744705230415,-0.7417177796411889
0.9089400273746331,-1.888947295864551
0.42095612795487836,-2.244174886112538
-0.24400711296848707,-0.9730196622604828
0.5074985627335192,-2.3248591074280056
-0.4837799936886911,-0.694382962605842
0.68072237082357,-3.8850033734317266
-0.6810475546853959,-1.5840754535431392
-0.07088701885159764,-1.2921012952872668
-1.7492776457718437,-1.1490274875584081
-0.8587232100231545,-1.7059150321755783
-0.5348253014147692,-0.4932437375513765
0.10973117178629467,-1.8408092855554712
-0.2951468735364922,-0.13218176236740287
-0.3591594483121158,-1.0415463970889154
0.7310924842456955,-1.5774823027304372
0.20275461767500275,-1.5235689294915307
-1.392149136027516,-3.0729765516763363
0.7131519816692172,-2.152023843906895
2.968601021591484,-0.844900386797935
0.2423895090840386,-1.6502867437101472
0.5632210841442028,-1.8720105012585806
0.32185176733147386,-0.5829630991741104
-0.005440317737008979,-2.006482958533027
0.4524910754316835,-0.8052823131297366
-0.896654022593608,-2.4667737137109502
-0.11371672849456868,-1.400862204904522
0.2647882700552893,-1.8110614837895584
1.9325235846047653,-2.646720796126674
0.03802592818106715,-2.6697483473220096
-1.6747487636901057,-1.563321745437558
-0.2138734117539561,-1.8370215573659778
0.127901611585686,-2.507186536395678
-1.1485407281921258,-2.189341367795468
-1.4874178338318356,-1.233201463628819
0.6401660397916907,-2.8152419466571743
-0.28733226638657877,-2.8377236819454117
0.9290082412203877,-2.234403876644054
1.006154782655901,-1.1037074933100426
0.48068955606186015,-1.48811585151309
0.7041211738745293,-1.6045798745449213
1.3182520955553092,-2.656805341521331
-0.1815367198915833,-2.2132572501139967
-1.1755802039211551,-3.995592484398517
-1.247427309516701,-2.2139666163569505
1.4439692259549215,-1.9314766534402517
-1.2675753793661286,-1.4409707536205816
0.5279251311610886,-2.0912707619543154
0.7991070269658886,-1.7379911369026844
-0.578051592913107,-2.1237745499948533
-0.8716797009528416,-2.0201705169804516
-0.48395682670825374,-0.9937308267368361
0.8434306683746904,-1.1852720578998168
0.5605053224899408,-1.5621654321144343
-1.4798119814712307,-3.5116915642623976
0.10184153313387748,-0.9833154984545713
-0.449328038896625,-3.7515988694379865
0.23092974131917016,-1.590238185155042
1.1558151552892304,-1.012834875763943
-0.6536322892132559,-0.9682464362862544
1.3632222230958457,-1.4583834369567135
-1.5485956805710608,-1.1359970449685215
-2.2931597423425956,-1.3803601056954737
0.7497624127312409,0.38603164388328315
-0.7821882028018596,-2.2776924313531035
1.9868637017329158,-1.5723252675245867
-0.9501932349164899,-1.3814669999076516
0.12497126186679622,-1.1508816513964706
0.6701927081689009,-4.376031231125534
1.1276206814437144,-1.6716642105524349
0.2542827678764672,-1.8426437533220699
-0.9011829055642263,-2.2089711542664077
-0.02709401696732917,-2.7682865194788615
-1.024168513970391,-2.7241794742888445
-0.725242684641831,-2.2238002536126507
0.643237972147019,-2.3821726949081983
-0.07267688402339449,0.13188968152418967
0.3379694740791767,-2.803380905017957
-1.3016378241891848,-1.027901894080657
0.49967967159267684,-1.4895427398011372
0.7781450110648445,-1.2484366438217351
-0.8456630698672639,-0.71940595279869
0.4327195904270098,-2.1049103189585514
1.289981396828418,-1.1024759261640877
0.3551963184537034,-2.1667408172653753
-0.05220077408786316,-0.8894044217011525
-0.9884822374570715,-0.9505346326512425
0.891441267123487,-2.8280886112649353
1.3293600562929675,-1.659752508164945
0.5554339468490259,-1.0589064473737742
0.043265499979505274,-1.5147107059505518
0.23444500430425955,-1.9349448279928458
-0.6018119429149902,-4.522806885796129
-0.3692199122727629,-0.49679381877098394
0.9737814870556852,-3.2659170736857748
-1.5971485733343755,-2.080656591799795
0.7851604154274313,-1.453051913879193
0.0997737601769178,-1.4146750214116943
1.2223286811459202,-1.1483420733158662
0.3088971618872361,-2.00815597921662
-0.7348822945588717,-1.2438135792121185
-2.1721819509415843,-2.1437929743252306
-1.1900174414757485,-3.712340660527313
0.04651331013567903,-2.2262163657884266
0.9969387916168527,-2.376815477474923
0.3733067272209798,-2.242428304677095
-1.3280683454553126,-0.3169157466798356
-0.83916414667354,-2.1816669161656757
-1.7721025959958845,-3.6839365712976395
0.05969462912621625,-1.9273919028832274
1.3876417938733216,-2.276559481267662
-1.197519661245687,-2.913852449865214
0.6319192710314607,-1.3125450516811286
-0.5609417212322305,-2.9125154085173444
-0.6589400375613279,-2.2837927478530813
0.7332342381386251,-1.3576481598724581
0.26539601982077354,-2.660481818687046
-1.855354205104504,-1.0389412720518507
-0.9607546513064599,-1.5377819205523429
0.756219138450936,-1.6757362002414258
-0.8979606270306533,-2.4862287123862483
0.44856340469759914,-0.5839488181827355
-1.523608577779454,-1.1572242641504829
1.662663484540091,-2.7178228229260317
-0.007137708906570361,-3.333401455062642
-0.5843485489355548,-1.1446029463390444
0.7812479508992288,-2.537551475590238
0.9021940284388964,-2.460152088928945
-0.10920098221220284,-0.7580031303955477
1.1358796779578573,-1.3618377098073584
-1.2677025810855582,-1.2643765903658168
-0.9963700508759329,-2.1865848227521214
0.021447952595418533,-4.336289924601669
-0.006834532174242541,-1.1061887776359254
-0.6161329640075934,-0.683896036078063
0.3634592094489972,-0.8057816600213596
0.1605521822238654,-2.520103246375995
-0.07249513911167091,-2.170630149441354
-0.17689283649341847,-2.1791776816810717
0.5194564852213599,-0.6388249494095879
-0.3611509106844086,-2.4804571737795706
0.7377047496838292,-1.1304193768972621
-0.5975358163255308,-1.6935429813039398
0.5239640742891043,-3.286472666550414
0.002200046523263355,0.0683378881781489
0.2553891509533121,-3.899755799089784
-0.5313249474004861,0.04107935374113936
2.2395693140448376,-0.8814043079817944
-1.5052593365782563,0.18934148639545878
-0.5678153836340599,-3.6715684918604277
0.04853214915218868,0.4850678412657321
0.7491478595490965,-1.0473205067862676
-1.1072456282737613,-0.9895457354361246
-0.9151795399595736,-1.8828016141035198
2.06796296699195,-0.2984295093779714
-0.2558604600583959,0.8199376289064286
0.5522264235540357,-4.141963299619618
-1.1139382064174836,-0.7022967437776786
-0.706570852712906,-1.9401521873752061
0.3206533889414047,-2.8878528550478166
0.39333432358373455,-1.9146066185694182
-1.0645321704740331,-2.3424911257417276
-0.3602310014185405,-2.6085964737863225
1.880526859706138,-3.774309470342998
0.011778246573666286,-1.7680627470893402
-0.1728065060875579,-3.9460219131588676
-0.9276717025769179,-0.8887325057150579
0.009033299684076226,-0.0288312437765903
2.08318425167807,-1.8688691466371767
1.71036218643312,-3.5281060376419857
0.6013797547216022,-1.4962488640225868
1.2577153364167457,-1.8734129167551306
1.387942771656395,-1.6879115429172584
-0.2200091425998932,-0.9727754080054394
1.0999179538537762,-2.3528080246280294
-0.6608350972717659,-2.9142595487320424
-0.11611988555863807,-2.301993140263216
-0.5043959116185914,-0.7369891180612451
0.2403726688155972,-1.3902476585354644
0.6957016829129629,-1.3621030482166532
0.7900431669625446,-0.9695566615072615
1.4512834494215723,-1.2866723788238845
-0.5881366487977708,-0.3615409131086791
2.403690321936204,-2.497406625579174
0.11716818938485832,-0.5574242470257871
0.06180034819075698,-2.4567794201102306
0.52429816706633,-2.529505258445589
0.5667081915264248,-2.9201011961115686
-1.953841356231326,-2.449713205180962
0.26814142264623136,-1.6292057134708564
0.2597049722855145,0.32637211632246155
1.654642735342391,-0.9235095651405412
0.883230432866178,-1.0282236103567493
-0.9051551031679271,-0.6221413274315333
-0.5543509922233512,-0.6504152319616452
0.21805211703679256,-1.2802547917975127
-0.9392867903677407,-2.34219125556544
2.1247204991534265,-2.732658802221713
-0.1366188448287883,-2.265135231720274
-1.111938345851517,-3.2955749844531885
-0.41690094346690454,-3.4360078659014905
-0.15305319916903828,-2.524923301967717
-0.1565769497849828,-3.424112306031863
0.5432361010310515,-2.380254732674836
0.987942063160939,-0.05032572032527938
1.4895605535137644,-1.0464015545216596
0.44929908818478265,0.11636629824402789
-2.199177376790027,0.03488962236134574
-0.5666172675720684,-1.9505439596202314
-0.8267176767522054,-1.3707254850073418
1.4658242158421293,-3.286545222551749
-0.4887229652895219,-2.416216729106644
1.5053315197918335,-0.7833748166400418
-0.847352123978028,-3.318531109555127
-0.6404716943273795,-1.7795669573332573
1.0637829455147798,-3.1211031765700903
-0.5862502285185415,-0.4026333868637646
1.0287251428732218,-2.569123066409944
1.4443181461740728,-1.933433608507948
-1.22482584209737,-2.258674709106328
0.025814577097954646,-3.026081608082433
-0.31536135840005103,-2.730945191462477
-0.7606021979521455,-1.5111628953317544
1.2148847304191128,-2.984784754071101
0.15346091862842257,-1.6274609555893222
0.6102719485319096,-2.1329230213916333
0.20377856473711795,-0.9303841250519005
0.14951179325269254,-1.9065491957845992
0.2808496074326457,-0.5733273697531709
0.20021246596480308,-1.1083819422304795
1.8854685236530215,-0.415605420545615
-0.47903558939452184,-1.667879216644171
1.0495759286168709,-3.218574550122482
-2.49853963238427,-3.1070068913910216
0.3375726940916803,-1.695790276551302
1.4174954952028658,-2.0548663308157336
0.24915180668233283,-3.8278217819788907
0.9459878495840702,-1.9349071003995109
1.402422453010183,-2.332592511803602
-0.2684082548749004,-1.6680014201889668
2.568832028769799,-4.007355053965388
-0.8042915587550756,-1.9539476785746015
-0.2436124120502261,-1.4806701085077534
1.3742803687290688,-1.6541886981160268
-1.317571063474826,-3.5287027963791795
-1.9291427113021273,-2.0355075334253496
0.23239730424699603,-2.2314443899125247
-0.5036337821277174,-3.692690442285553
-0.06152386151328069,-0.17459003273932505
1.5936690623273357,-2.133467820628643
0.552581722554491,-3.1460905950984137
-0.12487147402955623,-2.180822068114149
0.6492942742229009,-2.8962471421353553
0.007104674222250043,-3.31344819759519
0.9612213157353298,0.32697882131716405
0.3771566231314314,-1.9550759689284147
-1.0715428130388467,-1.3190320893270315
1.091028200074087,-1.04710022022375
-1.2202396390320418,-2.4803936094381274
-0.4457889185298132,-2.586014831288866
-0.7593685504682848,-2.554120588595109
-0.1961035516350922,-0.16991770340489154
0.6840277731743204,-2.7131597388079265
0.4160447577621077,-2.436635696833621
-0.14235286415899093,-2.138214663190967
-0.4040535204168104,-0.9078641835393875
-0.7142131266327711,-2.4371811320991292
0.45566377911906925,-0.7292638608564406
-0.10401079744267197,-1.0036699981178523
-0.11239360845435815,-1.5768808114325121
0.030532890219672468,-3.030859543064709
-8.851191414812228e-4,-0.6228250838664229
0.6813117213967073,-1.6369844589291696
-1.64116942037953,-2.3301092928169913
-0.6435315088593687,-0.7729959828689925
0.357396592428211,-4.596175148663814
-0.6833846391673901,-1.1397909884677666
1.049244525083142,-3.2028852412581834
0.6548204099476223,-1.302306677195713
-0.8958728934181525,-2.302767619553399
0.8986035548135868,-2.047760408289026
0.7099523804910081,-0.4468419511647075
0.5710413656570479,-1.7402403174185752
0.05758608259693206,-1.5367275231018218
0.06411306094862164,-1.237779941006511
-0.6447794517600067,-2.5171243735246716
0.6758152211073927,-2.175421402268885
-0.4540423250981393,-1.6929528899460355
1.6750269015916934,-2.3693288362316838
0.4665117641576224,-3.2375834690976006
-0.14447872851685142,-0.9764283321779965
-0.0034474680292128817,-1.5135030433621388
-0.29391563352757144,-1.096161289853634
0.23465144820300654,-2.8514382747122387
1.6815056530162997,-1.8213747098413173
1.9696217264923672,-2.533235695426976
-1.1281759100042419,-2.0823866434812612
0.781632191036238,-2.857993936986679
0.5345192539327879,-2.063629077118033
0.8052988685207663,-1.2745278813974665
0.3711075510387219,-1.9122790735442539
1.657526739548883,-1.7826229657949746
1.3647781317026182,-1.9297564197587769
0.9316904921919036,-1.2854978406670843
-1.5464434568579288,-1.591100103036999
1.3001955446143239,-1.8340914136033433
-0.30577974265504526,-0.530622100789611
0.2171246530226661,-1.3295692939097778
0.2560524239752801,-3.4454493260760857
-0.35223460523527567,-1.9755922595806916
0.20141824925569887,-1.9484123664606445
-0.043908208588766505,-1.473721444116638
-2.2210830236253662,-4.459794167637096
-0.3180085222011748,-2.1986961537618623
-0.4459787158733927,-0.96442966366396
-0.6625616528179856,-0.9852028437802116
-0.9661930584398748,-2.8386074654807807
0.24703186323664722,-1.5412537098370136
1.2133087788010473,-2.475311569137606
0.7418900733306487,-2.4805996383121136
-1.2444695245282336,-3.213879642088381
-1.3530105312415526,-2.7348285720186016
-0.7342590811653816,-1.414794044714018
0.45111494219078196,-5.137989448235016
0.1934843893562226,-2.4856703130122715
-0.7432506280012265,-2.9888109853546894
0.6916767882254065,-0.3785857990709012
1.603789407908131,-2.131589849069186
0.6100285764139283,-0.6541633894674956
0.10780318610983271,-1.150204492846577
-1.6114059628042117,-2.588752010046192
-0.29785814740771155,-1.7726470862061579
0.5688226428651918,-2.0264199947361106
-0.09991984089817557,-2.352542672731641
0.9924458797744063,-4.3094650475136085
0.6504997135298408,-3.4802471431827833
1.7471018840027757,-3.85347927982495
-1.7061403916548388,-4.830248430177026
-0.3804200298014019,-0.5267032179325022
-0.17771396950183113,-1.094502073483193
-0.9033111203848533,-2.8225941173680793
1.4273208100669366,-1.9236455193421587
0.32870133093756093,-1.9167627082143146
-1.605180057550521,-2.9231640227671774
-0.44033477167164686,-2.9391880935641246
-1.0607679375249575,-2.901108394697974
0.3952540123797851,-2.6086885224366383
-0.6242848145146577,-2.4310382746235932
0.6830978120579569,0.12868170442261517
-0.7370792518453346,-2.1841376190386312
1.7862903023064658,-1.2235035821669433
1.124484694004165,-3.5417658018642726
0.384619645017454,-0.9054764381233134
0.13152932438879875,-1.6304594606512515
-0.6027219820942157,-1.7982883719253409
1.669289453587712,-0.6805013080482514
-0.3801207405006381,-2.099977879579117
-1.9961998390239606,-0.05523623057808491
-2.4811150209284016,-1.7872075592717807
0.18414117611302064,-1.7925510899032913
-1.0241647082370662,-4.035399828398047
0.26404221800896394,-1.5595325262499844
-0.3555623514974452,-2.33358986774046
0.33285199926035786,-2.053146808243568
0.026757374639479452,-0.9182149256143963
-0.007457505845500109,-2.5719699870060464
0.5493987253482445,0.29623895752624163
1.0949810518803136,-2.912316068030349
-1.6445955597116466,-1.873378818438326
-0.8979240701674372,-0.9745136935437164
-0.5248960807969135,-1.7292534536207536
-0.9855578757774954,-2.7067358560563575
0.23620431540963133,-1.2888612512110766
0.6410005147116384,-0.551993300639591
0.9329624169098623,-2.639815138706836
0.8792685689838268,-2.809720874415592
-0.02073259071226021,-2.836171111858955
0.26844185301675627,-0.6634707110179625
2.0516362510432047,-2.4039675327817704
0.30156280852817824,-1.4284108585830995
-0.9096800096714585,-1.3689324112517562
-1.2539078122963547,-1.5091707846229347
-0.25820101755485725,-1.68896278968682
0.6185489387647136,-1.7876541534180241
0.7011839170272565,0.39270998167697346
-0.8248402097334813,-1.1628056977612817
-0.5577071743051427,-1.7120932270698221
-2.616422880997655,-4.006259040421238
-3.2210488692672996,-2.2028552895288374
-0.7400081535376141,-2.6595076749698343
-1.0064215141504824,-2.4007121217379126
-0.596646991901866,-2.484444523515948
-0.034596428301540215,-2.188591563774286
1.9220359780561063,-1.8877375774549203
-1.1474398999096165,-2.6897259683260715
-0.5107914166853155,-2.083980303135998
-0.5686180556994722,-0.8932800028528622
-0.5690077811033388,-1.8457410683552973
-1.4923213761975775,-2.299444132828107
0.40919187932511064,-1.866556232624674
-2.037274332860948,-3.611129766164428
0.5255971156713324,-1.0220927153749257
0.9917220405328956,-1.8438498780990318
0.2728021896516929,-3.350587777750205
1.3072075600845718,-2.095558369730585
-2.4308748955620767,-1.6249930545657418
-1.0282202821422755,-2.642033612822652
-1.644960863614283,-2.419382457094337
-1.3799589402447465,-3.16759242092074
1.1201165847245835,-2.0351347479303135
0.45948633734199573,-2.520310940829577
2.4889021214478984,-2.939755218851685
-1.6534150057806063,-3.4686122677216074
2.0733766436882393,-2.570878121284302
0.4319317667301224,-2.7302943792233862
-0.03251739342404584,-2.2220142719542846
1.0232648945691294,-2.2480636653207897
0.15692697086984733,-3.164563574779873
-0.5196234817377237,-2.9887796689171013
-1.5767237827978218,-1.1269812143732527
-1.1469871801629443,-0.24083381882737864
-1.6139372472690314,-3.088525363994571
-0.39708135279473844,-1.9816124342643535
1.3332948851697641,-2.0953479559468886
-0.7877000110956791,-3.471041625702426
0.2342791347780898,-0.7841323772155688
-1.1289048271669404,-2.2799446758723714
0.5269724458975664,-3.850409450938878
-2.0303002994488946,-1.8637384415384288
-0.21140254964314306,-2.623219575277175
1.1383178922907742,-1.793467012683283
-1.012892753917539,-2.5877051942993727
2.4028816216974627,-2.5055545736770215
0.4565733743512275,-2.162568071599442
0.6195130150986288,-2.32545419808349
1.0601996891558998,-2.4440403825142565
1.0466185185492387,-2.9407936864034268
0.7974300372152843,-2.1088198658229653
1.1451079184598345,-1.664770395939433
0.7473381937937658,-2.9835575249082527
-0.012385175209683888,-2.4616039336129933
2.5252017609560915,-1.150828170217665
-1.1253843008190365,-1.6111136676143627
0.06903694709614817,-2.4701187886864457
0.07956744774466706,-2.161232339668867
0.552959956029248,-2.602360203442241
0.2533280999433803,-1.4382972513631702
-0.7993526273547615,-1.267665664092785
-0.4091347439852406,-1.7132768392488251
0.8460509115844719,-3.1911378783329556
-0.4754912141381574,-2.644555648937012
2.269004474361273,-1.653605456837105
-1.65517578247383,-4.075034984992824
-1.1335458233337137,-1.9219546245370036
-1.7385092579425723,-2.694118491977667
0.15773636286852508,-0.5795432036159589
-0.07094169032794023,-2.571019672953838
0.7343546534744999,-1.4662168000471483
0.36298485600252595,-0.46123148405849523
-0.498808177551986,-2.6184729550108377
-0.05097052635770995,-1.0570732100380607
-1.4765879488232283,-0.6492062086205603
0.7120383453033136,-3.2924421256160756
-0.5688922471273271,0.47848152261593535
-0.6009144854723689,-2.041477267836814
-1.432345664763904,-1.4340026411417086
1.2662336237503102,-0.9407057040965565
0.12246921739418204,-2.023647551175924
-0.2629081200983645,-2.721703018369481
-0.44667459750009986,-1.430249709626866
-0.7367975554983743,-1.985882056821492
2.1240602484585427,-3.18701663754085
-1.7152071588468139,-1.2561413332528324
1.0935746502070889,-1.2113016125018774
0.09550910446286869,-3.16032920977504
0.18374440136164358,-4.3772532574153615
0.028563288282319514,-0.6071071626989488
0.10777441217240179,-1.1217480012459706
-0.4884447755781426,-2.2788955914013473
-0.6558392337916005,-1.3236918124015107
-0.5868774737385252,-3.118294946742508
2.1783660451705846,-4.0986695050857715
-1.7469178069198201,-2.421399060211376
0.40882982482511254,-1.1108102862967524
-1.3425099568141512,-2.9528433726882835
-0.03198796729620758,-2.4313253048323342
-0.5585924688583194,-2.2780387637310793
1.5032319037963389,-2.5873087290020558
-1.4872922453119262,-1.4989874572024233
-0.31863716786544927,-0.5335532547700514
-1.061398397323887,-2.982621227517897
1.02917767567349,-1.4364288373558396
-0.5643271844401311,-1.0141491910606741
-0.6556083821042865,-1.762373846963642
0.1653678194391679,-0.9819701030063601
-0.15462159683170387,-0.44856180936780077
-0.03808312673629748,-2.2831092546371305
1.1187864170771153,-1.9498074622751647
-0.18354815445384834,-0.8489049987172919
1.2333886541270829,-1.9485069085280686
-0.7257807461711442,-0.6065857446567726
0.9521236822429983,-2.827417557595281
-1.2405314061121797,-2.041014710870132
0.09471275015816183,-2.7267374332893817
-1.5962068280108943,-2.931357428249013
-0.02265016061901472,-2.655680576430139
0.34245457113089595,-4.341688145330851
-1.177426613586576,-2.2920519643674937
-1.7934154444019845,-1.1992245091353
1.3628594287857936,-2.6962363188841127
1.5143455094847311,-0.2620815299771404
1.1751132006586724,-2.008121051189452
-0.3823900689942304,-0.47394139425743664
-0.23019198018979548,-3.037125720283805
1.6986138100091315,-1.2758339821835816
1.5943841354487438,-1.870097907805571
-0.945413274463334,-0.6934001163379695
0.19241193617224395,-1.0528195938731133
-0.22174170902223936,-2.21373187680898
1.0695181116651027,-1.6014624265397104
-1.804899640383048,-3.375676116555744
-1.2971913507985604,-2.3344393042524394
-0.7408791967678436,-3.8581436475532347
0.7307302381868523,-1.4704127406847691
0.885785975518326,-2.3852720494693775
-0.4212532600524916,-0.9212187744812594
0.2756975702017565,-0.9849173381053338
-0.8808276297711223,-2.463369995413461
0.7551032174145454,-1.3253215948097599
-1.85071341463614,-3.438488107991601
0.45123530916164356,-1.579824700306645
-0.24042828546559508,-2.5013203196796643
0.5535221808456253,-3.268283488804714
-0.13321619166077095,-2.1495039336926354
1.169125021128272,-2.255201139815903
0.7688039814805036,-1.9383396535055648
-0.4994430688698131,-1.1569881306535388
1.520122809177876,-2.0162507258164015
0.09935857895632709,-2.830292888420162
-2.2694822205627183,-2.6104368093007504
-0.48597800509929806,-0.1408042479576188
-0.7230839955139909,-2.4679478291117616
0.5725191506881242,-3.42339473269976
0.550747101331356,-2.1841934543736916
-0.5740427240261663,-0.9671665786949013
-1.386219855280266,-0.9069580150031262
0.40827316634998045,-2.994909387292602
-0.9121926119952967,-1.192828713214563
1.5169782817228037,-2.984278753055718
-0.7056087098660103,-1.7198016878313753
1.0294051956129415,-0.48261670472189455
1.9359176766174038,-1.866785997503995
-0.48238451764910806,-3.975554797271836
-1.1488738091274724,-2.2397710683213274
1.0124549489708492,-2.760306743730244
0.5794418711540491,-1.5634536220119126
-1.410285082993941,-1.4109845054192252
-1.2592231783874235,-3.3891326681115794
0.637338869975076,-2.0327456137739053
-0.2934144236972857,-3.4684247633715897
-0.27501604034644045,-2.041946350413483
0.140530811195744,-2.3742507397675503
0.37267891009941717,-3.282817078331398
0.07241679882702272,-1.864985588844506
-0.575825854250829,-1.6349569593338746
0.23855286103396783,-2.990386699352052
-1.114598704248386,-2.438312031261792
0.883609704703507,-2.7539883868120265
-0.20955069389208092,-3.359645104489158
0.1887374683705046,-2.426022983824904
-0.481695080589281,0.4283481590812235
-0.642439980905637,-1.9672359186010475
0.15151419951360373,-3.2072432021594697
1.4093812404757966,-2.586787402620883
1.1407231057879128,-3.173733057926759
0.037515148797719736,-2.894642506023263
-2.8581199527487366,-1.5960278700872133
0.8642868584063782,-2.434894080286556
-0.024201389882939416,-1.8927404931401124
0.4737597319529108,-2.677195387938535
0.9755758018244806,-3.171397593007568
0.8553404359740765,-3.1045136925461616
0.36645098690462224,-0.395850769794315
-0.42680795949276856,-2.290324620260492
-0.3122729021374036,-1.4654224778078022
0.5853137829997662,-0.519077948021964
-0.9960169612592751,-2.0425410757804294
-0.012080270203634216,-0.6234388272571776
-0.14106995723883523,-3.2151220952145856
-1.201245716076558,-1.879825001085729
0.6556083252799103,-3.4080568239592584
-0.1288087031031083,-2.9449175711891153
0.06120132046338993,-2.562841215738723
0.24854996809181926,-0.9386482847640534
0.980735895369253,-3.496534605809928
-0.6572249293950454,-3.2192600527049278
1.271008130374927,-2.6160386883408693
-0.30141205251390796,-1.1666632396792607
0.33730217686355296,-2.6549882335347177
-0.07164380480007874,-1.2627912999867585
-1.931328609680872,-1.8011719645169937
1.6358305763102936,-1.1179908299895358
-0.0657957270526424,-3.2780481291221237
-0.17235201834453204,-1.2949403472951095
-1.9298903281701612,-1.245752836236416
-0.44440238405095184,-2.409714391023116
-1.4269387920339138,-3.8037757810522015
-2.1426507209931156,-1.7718024331101643
-1.5247985259557904,-0.3188462654211972
1.8152186873260032,-3.0732478158365755
0.598717836679473,-3.301648426826456
1.3622716005291906,-2.5857450905920367
1.3834118691756394,-3.3671394798307355
0.8614456201258641,-1.4706166418732756
-0.3485290177873267,-3.100084164891248
0.21115810645753255,-1.6882534052658007
-2.476387127370058,-1.6665985135118087
0.7695559051086732,0.17987543003823436
0.46851904382067594,-2.441908429481168
-1.2356001688970228,-1.4234884182811445
0.09392370508962636,0.4904056975228981
0.42721531240831684,-1.9775331250307533
0.21416020750523068,-0.5344272488588633
-1.5001850924872309,0.012284762263207405
0.2053405358282228,-1.2639577467460894
-0.6901537254607891,-1.8494926792349131
0.10533379627933442,-1.9448642068283855
-0.8149918496520729,-1.7287340841418293
0.37857476635688064,-2.5065816634413336
-0.478198104232514,-1.703916061897426
-0.03066394328729718,-0.8972375989303061
-0.6232269849669726,-3.5294207282083403
0.19240036557602,-1.0490088875937729
-1.4598867244594638,-0.8365492309329667
1.3726756741378814,-3.266734426813586
-1.4327418687304811,-1.6906747775720166
0.4541932610132614,-2.2860133888323544
0.20382186620245138,-1.6926746433985762
0.39751569792345254,-1.8832927686517171
-0.003767554642922205,-1.7371248045402128
1.8744465820697325,-1.959790762084882
-0.4306337020442469,-1.562298188833525
0.8601966808281081,-2.5535828008634884
-0.5885265920498838,-3.0399808295331887
0.29564008261198926,-2.3021205711971335
0.07584440317115448,-1.9363954722470835
0.027997234961583833,-1.6826751580293253
0.4374619611996273,-3.1894373343499645
-1.2876920551290578,-1.8816542443550799
0.8427046157399231,-1.3170100513128389
0.14896236293524157,-1.4449470991876026
-1.0479679481262554,-2.3916198889425586
1.478824565370808,-2.764108425271953
0.41250025903773696,-2.7371360915206666
-2.3575507697008797,-3.3162877876721226
0.9185205984763558,-1.1405211974379545
-0.9179941004889157,-1.4080989551348324
-0.2059205164515534,-2.7800302495508356
-1.3559594338836984,-2.2816651419107883
-0.8796887327979074,-2.5774037900447424
-0.27785484126179555,-3.3453174018544893
1.9259314352466468,-1.726202788797792
0.5390998156478469,-0.9841015107264766
-0.33470702743238223,-3.2204589084313486
0.9404817646522631,-2.859722726302831
-0.1376177715527048,-1.5498536064423027
0.5608980752970211,-3.4501717976546553
0.4748329740157758,-3.4795792935339893
-0.01641495319004481,-1.9071385834230983
1.285780468812369,-3.2791344782629706
-1.6312263042169117,-2.1298625275491623
1.688241863412213,-3.673423790908531
-0.1294859322470589,-0.8887190663961024
-0.4811059464589112,-2.4015769362952115
1.9837788218035681,-3.0717478508518443
0.22951652259114652,-0.9455357428853874
-1.2085689081261368,-3.011857108902883
0.9314361371673264,-2.246229921422858
0.5401401434313613,-2.424607574919105
0.7036753685091403,-1.8796271536020697
0.7553183709678829,-0.7314358944220547
0.8511472516447258,-2.7905579287377984
-0.0751870725528402,-1.4719057312094348
-0.023750907358884563,-0.8770493309642524
1.4010263277217436,-0.5053517988442457
0.8815255052689676,-3.98295316835449
1.7930335967828819,-2.503911323762394
0.129784847151095,-3.2951486874506832
-1.9404757446062275,-2.7147924893795343
0.3417297119244439,-3.1071743572521466
1.309047840613552,-2.9200167328620283
-0.2933511084389931,-1.8562450479351158
0.4577533747758265,-2.0715421319457623
-1.3615422779331643,-2.1097942427418133
2.273814207566686,-3.0309134672127813
-0.7751825379558024,-1.1465070498332302
-0.9073554897801609,-2.711003080457196
0.6839772512924829,-0.24397349129140466
1.277923612357762,-2.3960180203047883
0.06905459983681217,-2.1476380183523704
1.038115443344293,-1.1173193620294941
1.053208935321747,-2.0174035989635555
-0.41744932340497337,-2.913311581783919
-0.2787500821426724,-2.0960469785956466
0.7680881590184296,-2.9705894462852913
-0.04634573036049666,-1.223730669726294
0.7175998138102829,-1.4065928327657713
-0.3684499036428224,-3.6575660533007235
-1.1344650588048695,-2.0635331536770445
1.720315339753051,-2.184465295795967
0.2313937017470465,-3.363604787357354
-0.11475958407113596,-0.8457728160509048
-1.2443371408228276,-2.7396080328674186
0.7207700173062941,-2.5306162638659573
0.47698478710047054,-4.580715495457533
2.1863878560797074,-2.018134765159813
-0.6711328215396567,-1.8237297147302591
0.3695606232777265,-3.46941734183362
1.1278308476222385,-1.5546351106880567
-0.6058620461157602,-2.553096317974207
-0.8419624957684296,-2.6305002981147254
-0.4926451463155394,-1.7662985969506364
1.2458379856113497,-1.208571329655729
1.04137603194123,-1.9659511316061347
0.06679340620988275,-1.0918969872566773
0.3877489373360249,-2.5027787310790375
-0.1434459171928387,-1.3616225183008719
-0.3231744572159913,-3.1771343074179432
1.430050197681886,-1.3654335495784955
-0.5962183135712692,-0.056334671657561675
-0.05436060954162667,-3.8352481815228523
-0.1466967687954627,-2.527413178287734
0.5937365000917575,-2.2936434531262306
0.6459760585063297,-4.479976875554357
-2.0508240410152423,-3.6732480598838952
0.4795886700894267,-1.7605549949266037
-1.6682156209616628,-1.3612801183395016
-0.47462712906010357,-1.4564942427093106
0.6064863045146455,-1.5306923610068173
-1.0230693588407214,-1.847010789246638
-0.2264439187964459,-2.0036147571304093
0.6659838713654489,-2.262289744763944
2.3481349420718196,-3.095562864594683
0.3715692470321754,-3.624587357849352
-1.2447078969470529,-2.805167584334797
0.8575749385909518,-2.464032458414436
1.4236061360134666,-1.2449598632650711
-0.9635944106402844,-2.3322474019776482
-0.04615404523110914,-3.1085077094718994
0.05682841103762314,-1.4232007950571637
0.6506878559099143,-2.277435852683847
-1.3234874714071831,-1.900474097965436
2.5513597503196683,-2.8610070329239257
0.007018666860707714,-0.36747933316431447
-1.185562473817537,-2.863237516770683
-0.928056310795939,-2.7361112627313084
-1.0460943655258366,-2.011898068965451
1.021621821972882,-1.029894363804169
-0.5808885937500267,-1.3041386063352898
0.8437783967937807,-2.8318498799332783
-0.8469675806829302,-3.104570610414755
-0.23497227011635854,-3.2730227907106944
-0.02274723405968854,-0.9830504569628487
-0.7118133606836221,-0.8607903858321562
-0.35595031612689937,-1.9595747496662654
-0.8253752952221648,-1.5040007784318197
-0.9324350520253876,-2.778444559448346
-0.2347314708843531,-2.807145094013281
0.034485175616365625,-2.9551106401476166
0.9450029350628987,-1.5371945755597232
-0.35342448767749013,-1.4485417278045474
1.1040645618739655,-2.179893104623178
-0.6804007048931635,-2.1990618069135888
-0.5154742509642511,-2.005030241180728
1.3572678618158753,-2.4898985222208347
-1.3219820873282866,-0.6471322765289751
0.04974342669565877,-2.240650237047815
0.08816752916082923,-2.2267350899529417
3.107550243726498,-2.7069063476641144
-0.38798346931527994,-1.6379658015149503
0.4176620956114792,-0.7457962934032842
2.350500173234949,-4.022131968940236
0.0027746219185547107,-2.914294118306813
-0.374369651170381,-1.2250634048288043
-0.4264496461936579,-3.492351620701923
1.5106066841580836,-3.1205945103878694
-0.15110291091333658,-1.9861378475363165
0.8759945507825709,-2.967039543915406
-0.43791523901784063,-2.4865104659130424
-1.0068807976841165,-2.7881218366528104
-2.6477405858718073,-2.8103928780261334
-0.05566586324906958,-3.4353275750967085
1.07290511831223,-1.78873398215372
0.16668959733221309,-1.6789934380942975
0.0590141581187253,-1.694214398978607
-0.03954914757029292,-2.8094505209904947
1.4188818264523984,-3.4238827769814186
-2.0313484011509177,-1.033998473909704
1.0444608795540218,-1.7325265485188828
-0.17771496317609775,-1.213040652293247
1.8261613235360352,-2.6777905900093213
-1.5247929217344895,-2.542051581373734
1.6417958541488888,0.17177641110144126
-1.0217340891883733,-3.297630950219345
1.0904752203881685,-2.719183555596917
-0.4330799206261851,-1.0449798865901805
1.4877537688970497,-3.091035808906481
-1.4715742313161748,-2.1162076578207807
0.594088263497943,-0.4002295695062257
0.4044289217927082,-1.6794267195570738
0.09507446207349791,-3.1485001172972007
-0.77440829957601,-0.04588348943623477
-0.8623570121245775,-2.486753420555214
-0.054409822331409334,-2.2861425589003983
-0.2339558273265359,-2.33924572955071
1.472977211572027,-1.7229090876971784
-0.20117088933269042,-2.7405001215627522
-1.0831831429237873,-0.5303467149679062
-0.5707270134746113,-2.4798501566849858
-0.6727368839843064,-2.771305584170029
0.02494944889951284,-4.759848380014776
1.3736324104152382,-1.2735007927167228
1.0541090863187161,-0.3497285338889906
0.18758771961600146,-1.7373562684134825
-1.76620197393926,-0.8393872548701713
0.28956037355141045,-0.845783591545348
0.38370843646259395,-2.9877371252397307
-0.4683224677847385,-2.9277852893110206
-1.3231894768203778,-2.336341732093448
1.4616206155252545,-1.5901538841473917
-1.1474439722970764,-1.3965723316608414
-0.4561070778855863,-3.437218160394913
0.5097793248879275,-2.24121361355767
-0.5232165422843301,-1.8736089203407076
0.33351537968441136,-1.980595418411878
0.7210086230887354,-3.120531519117935
0.8252690376263023,-1.3225809463878084
1.2289371520943422,-0.7797416015670131
-0.47172714768013874,-0.7629641911726619
-0.18307713706034115,-2.457231865123257
-0.6314555694069712,-2.642065094035279
0.8244325018169344,-1.4311168012605493
0.9380970520590468,-2.3797444509380337
-1.0170142204507082,-1.954979580651586
-1.5213996754779329,-2.134551958922027
1.0730327903230152,-1.6597293899635783
0.4250541768008319,-2.1766603627529806
0.5533233637082975,-2.6945527203232755
0.47504710253348403,-0.6547317529211618
-0.4065242208562617,-2.5949847076294774
-1.6840650218118982,-1.9664291851210678
0.21273872277452877,-3.4363072907758934
-0.07122446111001132,-1.2991124283700768
1.1643882273215176,-2.5585485862582362
-1.036309315654596,-1.7012816412583807
0.09999130883648782,-2.956140332364403
-0.2451005302391709,-0.3186610934230727
-0.685226157102086,-1.8668968942425983
-0.31081751690352194,-2.1542001140692513
0.5449089317536095,-2.1275742010847885
1.1369140598536829,0.33264272370361203
1.1952416308576577,-0.9240470853101368
-1.276530931156644,-0.8360246466542274
-0.2437685695366201,-5.786449745339912
1.102769679317325,-0.3056465541557085
0.5885507180966114,-1.2328248596455187
-1.3276387266705831,-0.512884704029281
1.1238694231991173,-1.7420885783458762
-0.03494583119585173,-3.378851187849901
-1.228237905769849,-1.2746254490426714
0.3704849030509051,-2.5655647931871104
-0.8011222585809856,-1.7952977569067197
0.8440801697431721,-2.1418455294984975
0.42999935646378384,-2.662294799756216
0.5481757282387009,-1.7807671788209802
-0.6706342111963904,-2.0832351710743775
-0.49273714484770725,-3.679893845302866
-0.7955856017604771,-0.9044843540593364
0.5128840629738816,-1.415898996844979
-1.2872295009630277,-3.8353258136688915
0.1764401927156884,-1.4355036792699614
-0.07103180711172642,-2.7059284595649573
0.462388434451582,0.5368577823060714
0.20597570901780016,-2.2548314805885195
-0.44134727009186464,-2.792804172844783
0.26316079526471964,-1.3453903104918734
0.36102449786136825,-2.158537053799259
-0.010244108607073508,-2.958904793743334
-0.17256460782956334,-2.0099170315443207
-1.4633178675496694,-0.37944944578892836
0.8788230411019207,-0.7599827527500354
0.7136050178204013,-2.242227305593852
0.4242874832393026,-3.109680529220806
0.18128097624388786,-3.325789744200254
-0.35697241908985017,-1.3946119969241062
2.3136043264292856,-1.8340822927430356
0.8330399844955165,-3.0833090628916624
-0.17167938619370354,-2.5986850443842417
-1.6889371535062014,-0.10408286588654492
-0.7924809718130699,-3.1051368110231223
0.8192730322816412,-2.047096632116436
1.2580594715917925,-2.9363310189467047
0.8863259436762108,-0.8079602669465848
0.9329952056779417,-1.2353783742473667
-1.0334636680288092,-2.23101047628946
-0.10049053501620467,-0.37507781931969264
0.07854507847919093,-1.347157565700165
1.6475810987589852,-2.9744006510673158
-0.5157369634277221,-2.1916542663698384
1.4976040311737744,-1.762942673762111
0.5181842079022709,-0.2836776722021819
1.3276775044385933,-1.6579960492657997
1.5364792240252199,-2.2790844098426857
0.3941355364422815,-1.004841304037226
0.41039438428132513,-1.5161889901748224
-0.3644449939226368,-1.9954540431870507
1.1595814176483366,-1.8687529703753911
0.7220255369753282,-1.0653726841532976
-0.5084406592595514,-2.7142535594466173
0.17482749792385505,-2.461741661093332
-0.44276745577222393,-2.5821989231020708
-0.3082443796746222,-1.801371687932925
0.5241657067520011,-3.0248163226560836
-0.7899007341462361,-1.8260528339828805
0.4899779116050244,-3.1221732200838215
1.2330851782759766,-4.228643758039899
-0.721707661669763,-2.5852378198463475
-0.4445115271065255,-1.5192626108722407
-0.23079018845969337,-1.8451824418572056
2.229309668195177,-3.6180979887515132
0.5831040362963282,-3.338348865024617
0.936627661109225,-2.6061917467947113
-0.9053182657910693,-3.258101739581188
-0.7180237879171018,-0.9300390999398571
-0.10553141233726393,-1.3632317018630389
0.8089237124662088,-1.86460800155589
0.6633686011508055,-3.1128737891153846
1.285121000539927,-2.9140833845102154
0.2201346217272835,-2.2304896562469985
-0.4259900478810472,-1.1897059746578458
0.675601179865712,-3.253300960567315
-1.7808245050574216,-3.799636526935081
0.23473075014244388,-1.568135034433729
-0.115991194183044,-1.9848220461603263
-1.3434915127595175,-2.3322199105679196
-0.018776273186463483,-3.681736083392215
1.393809618980508,-3.0667710988634864
-0.6600598949204296,-2.097856110356549
0.49303819804952176,-2.7786709393806603
0.9743166864265658,-2.1985414879370855
2.394858016651597,-2.637799607698109
-0.005139630165076972,-2.6148217985862248
2.104026066206833,-1.1242846084631695
0.39972198045216445,-3.2065613244082716
-0.9248305591042956,-1.8578488310773098
0.5330556397650568,-0.13505851927607004
0.2752730629230413,-2.184718049514194
-0.48286130740779915,-2.0170490178932257
-0.9378048950206981,-2.44119500848184
0.9471177637758901,-2.050393097694608
-1.6008301346029352,-3.2626149522825596
-1.243632396972489,-1.9562157381152625
-0.02013536057411761,-3.1847852838002875
-0.24508266912468135,-2.0233891679673315
0.3599649166076479,-2.695114034509607
1.607735388147979,-1.776334712987444
0.005804236038563584,-0.5401376799788347
0.8815781902352623,-1.3520173547993146
0.22235919147059766,-2.6815899080314582
1.0056984402321538,-1.3164111419483784
-0.486503872004875,-2.948972329448483
0.8620655703222799,-2.966387526373698
1.7229874434729349,-1.3106659015287756
-0.14039283538527667,-1.8042721943154163
-0.28156416636592946,-2.9678941959689333
0.5182068580153713,-2.292393298652678
-0.030833191667406584,-2.033813769945602
1.4494124241851165,-1.5874844589525097
0.5468796494504137,-1.1869247110844574
-0.08733659596369346,-1.5578785078540702
0.7228791561812646,-1.9263984841121755
-2.4444901563257586,-2.672701330258324
0.008782940941996368,-2.9210134602504167
1.473264384897523,-1.028159817546051
1.1723531109592573,-2.01464855523596
-0.37714292485736606,-0.6274122954939774
1.022667362380916,-3.8400969391331574
-0.8225532536804481,-2.8588589676113636
-1.7710057882293122,-2.124556769320242
2.030947870316873,-1.7852015451754388
-0.1819656460486356,-2.443617685843732
1.60970650500861,-4.928358081923193
-0.3302504596182484,-1.7542995555521788
0.6485778989234162,-2.3139480400782144
0.9641627098186775,-1.4264602681166116
-0.5633408964354208,-2.816575326061107
0.11687145250388521,-1.177169681581566
1.7662096259455382,-1.6534135994790522
0.002652610981233703,0.5646228758293672
-0.7424695366192692,-1.182257700946435
-0.48875927798406205,-2.031320338271329
-0.09539981663444103,-2.4912539790825443
-0.4860685097355285,-1.775368608274927
0.6224679206767758,-2.702375279892406
0.9414212026816707,-1.7110251083933439
0.06789626843763684,-1.3748512448777572
1.2105344101359714,-2.341941717145886
-0.2099382287734437,-1.4938364443390062
-1.1862946840943036,-2.6622419541352116
-0.4382391751856057,-1.3868110418413169
-0.6970779427140024,-1.479239269920783
0.04739207894977827,-1.8761376216322476
1.412108361908276,-2.9950302460607543
-1.0106802590556085,-3.1312620970896887
1.1304493534497582,-0.4109759832177142
-0.8190822575877852,-1.8799290655594934
-0.6671820133346203,-3.5707981602174215
1.016331802441896,-2.83213214693241
-1.3685402171174863,-2.864934327960688
-0.8649685738522043,-0.46573769558084543
0.1130635594319402,-1.734489721066076
-0.23942381120218634,-2.6731291288732453
-1.2113292750749187,-5.04978699637204
0.5654996595855601,-3.2727609356927667
0.59222381539999,-1.748429107652754
-0.6434508907525253,-0.17437210933955916
0.6344715968881346,-1.0596222263470252
-0.6590527256983213,-1.8095275030436018
0.49988206018305154,-1.3436617252770566
-0.8366246904442814,-1.5852573754383736
-0.7119046938896616,-2.8770824732774987
0.33820675962386326,-1.4910065066034142
0.8294120224644833,-1.104047872521193
-0.1488411410363997,0.10964187980548168
0.5977347747648283,-2.7316994548977815
1.4050050358075874,-0.7091618381372369
0.2616311634196174,-3.066707714607811
-0.9216119937279919,-2.3656896296862353
1.1446515822206302,-2.1647597135965566
0.36503859016888646,-2.5854800846746038
0.9079774823126643,-1.9311857612045153
-0.33029172682039726,-0.9294144138064993
-1.3475543077012109,-1.6707739411885276
-0.28460806794400256,-1.321768679445058
-1.6880174176768519,-1.9466087016205162
-0.8044423930766985,-2.3785401258296006
-0.6366981323775244,-4.956221998390907
-0.03989656701490565,-3.2499479282144685
-0.9030338085666255,0.13029233281916586
-0.19378696457021652,-2.1507291920230616
1.3193626097371454,-1.2631020635628667
-2.015046142673121,-1.1503553491534828
-0.8743159745624378,-0.5786800299566286
-0.5518295451423019,-1.713321331713522
-0.4340398105744858,-3.343092488514769
0.3261833230032732,-0.10826173452286492
0.6158825424584037,-0.3731525294903515
0.1304297255822568,-2.1701579554382513
1.8716469767444537,-1.0788907420985026
-0.5833943732612602,-2.4450820221619463
0.004531190373078148,-2.945856372449962
-1.3327509562597557,-3.5358644975025744
0.04273304472862725,-1.576439160660637
-0.30610530977683503,-1.8584984978733665
0.291540273640164,-2.1714739912778724
0.18045057155836464,-1.1438844358003633
-0.44169222994866975,-1.2541796901870037
-0.1492891130218442,-3.366580556039931
0.7109869905857918,-1.4453659517161288
-1.2958885336632,-1.2780538317862498
0.19518702912927485,-2.186681895187048
-0.9265073424936566,-4.141581006295671
0.553934284533282,-0.12302008438236856
1.283411547625141,-1.6716674490850796
0.694045591425906,-0.5133395466341888
-0.22792135382551043,-4.035196049800097
0.6271493794519664,-2.7947394921624262
2.1699689139711382,-1.527455120413207
-1.2803700326902836,-3.725108687360915
0.6026087743870585,-3.8388254410741864
-0.12056595692000784,-3.547719614954797
1.2314382343556896,-3.299074868182612
-2.689951837664208,-2.113037358875431
-0.4273290795984341,-3.3910484051592595
-0.0010280711488949061,-3.0118112959178207
0.3618389443228855,-2.302340593830041
-1.6684511930418584,-1.4711997971077548
0.27263810876177075,-3.211758314746321
0.1600547387197302,-1.7799190969474024
0.4416734475513686,-2.61612956260609
0.6686394872279814,-2.4524174125674945
-0.44333558069890827,-2.3156134195680838
0.26917715232052064,-0.6999790954242193
-0.6166798401662595,-1.7392722146999944
0.35964715056782065,-3.0377848895957067
-0.1119911021323192,-2.80547133983751
1.7473101424447903,-0.620323688028489
-1.236569745978722,-3.693739717182412
1.661775831082498,-2.3154476162632145
-0.4203448924254121,-2.376684221374108
-1.7226602797764212,-1.2917298452907375
-0.12966879534431594,-2.1460899004681333
0.7915658779450842,-1.9864210185968183
-0.14778486238446836,-3.78806080138223
0.13444988741598968,-0.40068661523866345
-0.8041903485039639,-0.05480816487361384
0.77881039117963,-0.7582592940020574
0.689961822641407,-1.2847395680164668
0.03717334408490347,-2.196422882280695
-1.661311386301769,-2.0744214531471257
-2.469125073839785,-2.852833695135415
-0.29989742525718127,-1.2918223676301976
2.053697808292184,-0.9170967817147526
-0.5596228219305962,-0.2363249649759216
-0.08794066594542146,-1.577362893079848
-0.6092299690298698,-1.6446816005336737
-1.0483307028548812,-1.04744310452307
-2.3781651684749683,-2.310204358729626
-2.0467309912123444,-2.75294581028243
-0.8589790192259744,-1.6578887316447186
1.5468480886987876,-1.701933213519919
0.15331068245177573,-2.0603946999114604
-1.5484965525181664,-2.065766601812752
-1.171982821867842,-0.98299454498134
0.29857103841647986,-1.3393924518672706
-0.6986698950349637,-1.3085655977822768
-0.6829445516714803,-1.485848197834549
-0.3431347039603478,-2.130640216899812
0.5396360882912388,-1.8770762858196552
-0.009485535325813563,-0.7094710375721349
-0.549868387611565,-2.8596948889081273
-0.8626502880889786,-3.7403414624045155
0.18698162789460446,-3.675211674076776
-1.5939701325393498,0.3050834287727544
-0.029065847705955303,-1.0726283847242977
0.7807307171304235,-0.38386700227066917
-0.2590150725369578,-3.323609674218759
-2.3078634252789736,-0.9215787077397364
-0.13867712165664592,-2.6228230783680475
0.11137404228157932,-1.552390600261675
-0.41706798657252614,-3.0392650036745987
0.3658472379745786,-1.4999684519278667
-0.09913858023353803,-0.7854355246251352
1.4154926645528871,-1.80539005875559
0.04545636215277581,-1.9051514312033853
0.09241091655675249,-1.8167578247120355
-0.9354249734457298,-0.8823578625784374
-0.5669490034155846,-2.98543842093327
0.6844459690875363,-1.0469849350360092
-0.48880653625147474,-2.422309041559144
-0.8758619449460237,-1.787712478884021
-0.31755489156259914,-1.35599011952856
0.4369231590383818,-0.5096531978041385
-0.7869781175283648,-0.21254859587492647
1.093074871639798,-4.2531514439972025
-0.11383698716695044,-3.179656399025861
-1.2167930206406643,-2.752190783519996
-1.2726808956717868,-0.3877885152707068
0.12941306420038484,-1.4954062329157796
-0.9674270245293489,-2.2215251934153515
0.5114070543868121,-2.414528866682679
2.7130797028013944,-3.1055174659699896
0.7918273582551192,-3.343156883374398
2.00337996192568,-2.6462508788235093
-0.7954159450648192,-0.9838703352522897
-0.3301880658849321,-3.0373624735150413
-0.1072191954901604,-3.038892378104536
-0.5413469912475145,-3.5195325821013004
-1.0160527641874648,-3.046484713003327
-1.2453149564558614,-1.8551899828732217
2.016894467659438,-2.0614626034117314
-0.33885747279750117,-1.7083083612148002
-2.1799145391459813,-1.0957973278399327
1.1656727942008245,-1.767654033726407
0.21208858715853807,-1.6640162928356852
0.40099566606583165,-2.9407868357707154
-1.392442516819633,-2.1389537503318605
0.39608354374289123,-1.8256599729915999
0.9200915139694723,-1.717237181571112
-1.325602983647517,-3.274482751916946
-0.13231559058930709,-0.6491381162665264
-0.7402750979255751,-2.555716291271086
0.7343435042923909,-3.7264121289321688
-0.15061223456973402,-0.5472147997600099
-0.3681320399739761,-0.5938843614450642
1.4852942174715504,-3.3003086291315804
-1.1076447734422057,-0.8349829240782125
-0.5957855040148077,-2.8499437045533713
-0.20109942004584527,-1.2072737864912146
0.06317583207385016,-2.854498639640645
-0.46717729284064663,-3.3602059195595455
-0.3409816533105216,-0.44148903442998466
-2.1344737568471364,-2.390499443387712
-0.5384272944502233,-1.1938914289516154
0.04712833913738683,-2.1137123209002855
-0.8878876114467494,-2.125739149359616
-0.16727311010028478,-2.528860762402349
0.9277168002896912,-1.1696674672809975
-1.8793625810257009,-2.003668009177072
0.250555957363301,-1.2122620116664726
0.9029415232423541,-3.351669758401614
0.10662685019185449,0.5654771020299281
3.375305009911204,-1.7133261080050075
0.45011821602702656,-2.5106914180327813
1.0778997036782667,-2.411742476998786
0.1648368422896758,-0.5675293526861676
-0.2132405545480279,-1.667325591616779
-1.8678049447274063,-1.3029581662083656
1.28480307688068,-1.4367882984920555
-0.8956029696650895,-3.478696220215687
-0.5809395260590747,-2.314462581432929
0.9955246982854792,-3.0417623561713905
1.4021008944059166,-2.0034551530220344
-0.701354120878924,-3.852670368900641
-0.6274978075034734,-2.3921435211068856
-0.638259003811463,-1.5875677405066138
-0.8944974743837122,-0.6351056690323518
-2.1701508123320266,-2.8636169338867283
1.499505016363318,-3.133661157336115
-1.744175153464476,-2.194740149729114
0.6835396199456358,-1.4654722591770835
0.08285953291304546,-1.054918922600343
1.2745553812369963,-1.77892921636527
0.4821160214061703,-0.9826727470984549
0.08560606811648566,-1.2434968974817382
1.3167238146841758,-3.3763814138910577
0.15644809597808015,-0.40258883197265916
-0.33046224195641005,-0.5744888349890258
1.5893307236578442,-0.4880602865634427
0.21421744241842713,-2.56992671242145
0.9763147239910044,-1.6023656483881825
-0.8080599412419918,-3.0785352981353484
0.053514562814676744,-2.085693151761521
1.0180162568774183,-2.7772993786831637
0.22694784828799208,-2.901149931072018
0.3680112300096107,-1.964089655400839
-0.19472657952593764,-3.190232352743857
1.6051448493014617,-3.267140702904652
-0.18072381713140562,-1.2432667440413905
0.6307881905766493,-1.9239786413101347
0.2318717413085772,-1.7539260267108037
0.7767622465479506,-1.8374470807783063
0.22709086682007082,-3.318830330250159
-1.6171941567357446,-1.834896670010146
-1.8588694059811457,-3.22268785785723
0.2495559260827576,-1.0400383785410678
-0.9007835118898803,-1.6494113930410983
1.3146938015625416,-2.9106201297569396
-1.710225184656568,-1.5099851865610612
-1.5003049382288303,-1.7202298402872063
-0.47723421958115864,-2.576824084209174
0.8630036242865603,-5.165282883918575
-0.49876586057171146,-2.6406461728090678
-1.3480638876489066,-3.3026399100728856
-0.5450400088902636,-2.1231308375888145
0.16894542046225336,-2.613476473790341
0.8709025554005747,-3.4874263946081596
-0.35714460607474496,-1.9687439700342442
-0.15452857660354458,-2.9009474190237587
0.5991280530273592,-1.6054823616895064
0.27450890753480395,-1.7333906157000256
-1.299545248245739,-2.2295219829824777
-0.1382650284872124,-2.3058946582431856
-0.10144611141775119,-1.6610088392599247
0.4470942754066316,-2.29450087328009
-0.37083516295962254,-0.6528678550934883
-0.989537411798581,0.07289707555367153
-0.5828728057093319,-1.9315852719805073
-0.3184383808668236,-2.5620338930051134
-0.7014802934785557,-0.47137890208804567
-2.0605376100073474,-1.2464602888464513
-0.8637310654952337,-2.266566660440466
-1.5510236608245955,-2.8133240132083084
1.835528094753827,-1.3359172453790067
0.18221634392423214,-0.15972598378669556
-0.3499578020149114,-4.547379683742111
0.04635136788331976,-2.409213223037776
-1.2555739761855231,-1.096446462196622
-0.2986931426808795,-2.5652865041732413
1.1882302639076248,-2.1310367216995
0.08043804634912595,0.5416864360982165
1.4721792205239068,-5.046073581986331
-1.1505547568191739,-3.237366130077139
-0.9131342582965312,-2.4333167097200135
-0.6419552999478183,-1.426640640661032
-1.1332424704960664,-1.4093604738267942
-1.407365282909419,-1.1957894163859975
0.14885464645417926,-2.1521772757334148
0.17351093522123012,-0.5980375384466756
-0.5027058153339238,-4.138354356462997
-1.1150792407810683,-3.3027904285953715
-1.507418471383055,-1.6184293814450386
0.20875479572394184,-0.533962231957815
-1.3281286089287914,-4.088564761248704
-0.4410748822928269,-2.815766119982579
0.531841982305941,-2.036194856240791
0.2681827776981344,-2.2123153027818785
-1.973108837876652,-1.4591267807589507
1.3097275012168126,-2.9494209904094926
0.2572567727063039,-1.2347911565761955
2.194079855095914,-2.712506716261025
0.18487785353987146,-2.113554761495073
-0.31754896999488796,-2.579771335007884
-0.4178498581603594,-1.8945377151914338
1.6592775818390666,-2.8893155763517386
-0.08407275486156938,-1.7885263519625778
0.49993588957618923,-1.3487138046068905
0.3213221039910577,-2.4836212056014357
0.4402625654768908,-3.5972151725019152
-0.755924765853696,-3.028789795743501
-1.6474975112678152,-0.43588110508771716
0.08393780491349406,-1.0710568601272472
2.325401562506318,-0.9251627168548318
-0.3457671444369799,-1.3440405176928518
0.06028272786388373,-0.7779828052852931
0.9051033387886165,-1.765376056942377
0.3726829993627166,-1.9495567739635837
1.6104805657373893,-1.818664593131375
-0.04488733108159839,-0.565748047710374
1.1537031972662168,-1.4236194100716464
-1.6330076701248606,-2.362147070239998
0.7892749682309431,-3.2005455888719463
-1.2805948643408338,-0.7829478481390917
-0.18886603629143425,-0.9061566716744514
-0.44840086842108434,-1.6328586549205613
-0.9222385871569742,-2.2828332519151506
-1.3552412870013772,-1.3575024497455825
0.11625104501367776,-1.3994254394231502
0.5342088371782397,-2.461080772734644
0.47977126424760935,-1.4628015431560684
0.4506828504377427,-2.4315258212863493
-0.5776836416551485,-3.0284999004399107
-1.7534480722975327,-2.6963904642613534
-0.39284109370897213,-0.8261899251658056
0.23033582859118318,-0.6236539769989284
-0.33695563465868744,-1.3404057754761345
1.7180313928433921,-2.6147852218481913
-1.857252682382126,-1.6827438770618173
2.1245971651147,-2.8683082473041974
1.89893428349916,-2.58942779967349
0.8100280377819794,-1.1048370005830026
0.24462792286723262,-1.7367460238579133
-0.12754712864150874,-2.1727807851589933
1.0818644089154497,-1.154035970377043
-1.4348659442335132,-3.1813195607570117
-0.8407484538242658,-2.497045748237355
-1.3994625643487586,-2.2810812293114
-0.39604857484199185,-3.661943849609348
0.5372033419489697,-0.4717697278701365
0.45050275117634997,-2.167721353396207
1.5021467385579443,-2.0958494967423587
-0.5876539521695784,-2.692442543313667
0.257786443089485,-2.775251462682211
-1.1204452961558624,-0.09498113470266567
1.91324573703878,-3.34244076012738
-1.1520056294270453,-1.9603648665317477
-0.5799941218680736,-3.7569415266799595
0.42905762156363947,-1.1889805749818794
0.9203451422164102,-1.9688640654916167
0.06335868017987557,-2.011143245643056
1.0513936226200846,-2.88122965493971
-0.6317961929420963,-3.117046236286555
-0.8271404035057642,-0.9820530330216088
0.6105946788434936,-2.248951481676615
-0.6798761335625034,-2.4231571913973813
-1.3027580449881933,-1.0728026488422007
-0.1330152734801447,-2.059230734129915
-0.5130652799562702,-1.9448360800007303
-0.6156444918849757,0.4069411316843561
-1.2910731758138068,-2.758723542630092
-2.9363097595628727,-0.835126781295592
1.5648590064164891,-2.8513202602829715
-0.18199382862155725,-3.56730676188057
-0.69252643119111,-2.555498570117046
1.049832562665967,-2.379651712006585
0.7212585695261391,-2.869754812825829
-1.0613559241165305,-2.471811566156223
0.8531536291271895,-2.5514810723452577
-0.3157602869210122,-2.545859607593771
-1.2062822417119419,-0.9268427568156652
-0.25899384771384504,-4.126231668794519
0.43323741354276357,-3.269291987275906
-0.1698527352281501,-3.075548341842616
1.921319126337321,-2.564539162450914
-1.3372831473953488,-3.9092256957105147
0.7342730594922352,-1.399274987657455
2.2805940044787523,-2.6579788009162635
-0.7341620882979679,-3.613142436469927
0.29899559437305095,-1.6390925393093088
-2.5120542706351396,-2.182675152141774
0.44645963807717287,-0.7070116254402798
0.16316817673553013,-3.2195048604263645
0.3700506258123074,-2.8683241739896874
-0.36476735274685956,-2.9447178207928744
0.21696703556568672,-1.7873558271021175
-0.4319676788963763,-1.957424185646991
-0.07834995441163126,-2.3596563058862916
0.4044040328052536,-1.8985334011352455
0.5499828044843393,-3.2472986373438957
2.2866554221522177,-0.3546092027798071
1.0814485376361762,-2.63070707883744
-0.6874514516808128,-1.9745492443101536
0.8354776119523741,-1.1694941733439888
1.758056089834297,-1.0454747584403097
-0.38888737254646727,-2.6158476221870663
-1.0121377015416821,-2.7642245062544952
-0.3839315497315144,-2.1255707337042575
-1.0406154949103046,-1.5597987324151363
-0.6855839304518915,-1.5596263613695047
0.7968097798569813,-2.70696486244011
-0.7380297142609183,-1.8113215211321279
-1.6574950032052054,-3.452984186695523
0.9958360927341653,-2.6948186686357074
0.8459883182747535,-2.0636235546561004
-0.1374411103307794,-2.3036534766953767
-0.9705087111694157,-0.8328515074235145
2.1330412259259988,-2.1182486150307627
0.04985841405501604,-4.25704612360274
-0.2435555210856927,-4.286370624323715
-1.1724853269628985,-2.4352631170193297
-0.7804729304469357,-1.9896699867938286
-0.693668206033662,-1.041346779622509
-0.2092803931207097,-1.038022063776703
-0.5597046472775434,-0.09482155959248728
1.530286809025307,0.5711935854461205
0.7683582720350259,-1.2576714052020943
0.24016640499172193,-1.2812751074194753
3.1564256989501986,-2.696590254558027
-0.704158154613901,-3.173673425269607
-0.6695357353294866,-3.5722611446123063
-0.4445577829976963,-3.057256464849761
-0.34764034264076793,-1.7342059332905713
-0.09252101097583962,-0.5424652704131001
0.6178856804243916,-1.2474969741456468
-0.41027470270011185,-3.0880515079241966
0.40783101928427834,-1.1740674551851953
0.39059585703354777,-2.715091164997201
0.982801516458035,-1.6372442516235115
0.06501338736023637,-3.372836652763759
-0.7749973597999238,-2.657105686804964
-0.6157945961481498,-1.2817915332525094
1.698098171889943,-2.409825897682575
-1.7389717754414749,-0.515193949231938
-0.7410060011953996,-1.365479417857225
-0.6680048846740069,-3.4554971541582598
-0.0693719072634948,-1.1100806336583355
1.4708026304896629,-3.1055203643581546
0.3374099986774902,-1.2810599664502478
-0.45665421683812574,-2.2115241161655432
-1.6723812845884245,-1.9956408676867805
0.18161508277681074,-2.183195309259147
-1.3780104938852964,-2.427954214301486
-0.5306142653337755,-0.09524842255146404
1.4515023079217448,-2.3275173302760575
1.0386962521784906,-2.7001794032340736
0.5389302630615617,-1.6208830674479198
0.8032272367558292,-0.47669769178458044
0.2290819237910514,-2.793090599528858
0.5422054784914925,-2.131279573766682
0.22810731995497008,-0.37535706035901373
-0.5502310859933685,-2.3195745144675834
-0.32590491703599384,-0.954856560400394
-7.572638486687319e-4,-1.9000079701127337
-0.0941511481174691,-2.322863454828182
-0.15360148906090204,-2.6036745825443126
1.5867622064532834,-0.8802885421230684
-0.26460111207800757,-2.1077151984573965
0.9517366232722421,-1.3726096981754743
0.2054369427322692,-2.426680738703969
-1.2326055104905917,-1.276881991186997
0.7359105150799292,-2.514565487291705
0.8607867623550807,-1.75001411952292
-1.2102773595984453,-0.3300727593922528
0.29416090111000154,-2.4670241557475996
-0.7386279491595537,-2.57123258681478
-0.9267824963978301,-2.3070840364897336
0.2121065528026868,-1.0220457173888087
-1.5080875935119886,-3.1121270413993605
-0.4654170052676566,-2.044464410011078
-0.8907078689962675,-3.1182071715340163
1.032258700339698,-2.8135958131473857
0.17828806898568877,-2.0098256444312046
0.005731761343006064,-0.7558741568972294
0.45986910318116236,-3.124845531643934
1.461742858067511,-4.990567170205688
3.671946875549773e-4,-2.8549334611858157
-1.1545124457204246,-2.2721632862539414
-1.2113477613586667,-2.195092198628817
-1.5888330251943494,-2.0390198585020842
-1.5389387462914152,-0.3188603163397803
1.0237053345449498,-1.3821490537449397
-0.30518596091637723,-2.02447693377528
-1.222190925891443,-2.627512648818164
0.7828762051907344,-2.683740529653683
-1.234937895119253,-0.9436105859413106
-0.45128704404067593,-2.8409642280758574
-2.338287885792551,-1.4323533615251707
0.7053941298363757,-2.061754267774276
0.8790654837104007,-2.858358297457626
0.8391270144173257,-2.9099123443795323
0.23950708970473153,-1.3462809817697927
0.059778601477482686,-4.734094717951457
0.040626030658363024,-0.674256971552667
0.3819458614664317,-1.9971252206206491
1.0443551718958524,-1.7913897453121872
-0.14954094259277553,-1.4339609010404084
1.6904061897418106,-1.372126269721508
-0.04800004830814582,-2.1670021898619085
0.20851485043041879,-2.9034657779480346
-0.5955702093891776,-2.435643184599443
-0.8807784381505662,-4.85041074037974
-0.2908518937663739,-1.0062619874781187
1.2046222470222938,-2.0631482279871376
1.9609445136083075,-0.3546885668722801
0.24999010270653038,-2.276536357344255
0.8188155329227357,-3.4310018288026694
0.7267778410030659,-0.17726966339892636
-1.0041292162318503,-1.408379849554865
-0.8180776201473828,-1.7543475816887908
0.9450717467602187,-1.3214537784074993
0.8286222756203323,-3.963257983243862
1.0603291842908822,-1.3020327699956409
-0.06515926234307591,-0.5490403579483853
0.6697286663942843,-2.2716242118747063
-0.2924023184400432,-0.7448649179513096
0.47052228446378586,-2.0644859432990765
0.5930425654157794,-1.6719572355130239
-1.2542873925273272,-2.961755975378188
-1.7901008412170551,-3.3865298569370514
-1.8420823871553287,-2.365647084405835
0.7288366227581238,-2.6166864797271874
0.08214260213276497,-2.1219706606784507
0.30594959198333554,-1.5736249087477185
0.830576590199622,-3.4460421128983123
1.3249849651102532,-2.247095374966584
1.3039309524015583,-2.2959972848096575
0.09525692372668791,-2.719687761936279
-0.02412057259232938,0.18335425820170137
-0.5631994294320423,-0.9283513310281668
1.534588974561842,-3.882702955658952
0.8996316036352018,-1.2069861290286408
-0.27603349360843793,-3.7505869545443606
0.5742230939219806,-3.190968530398038
1.997067896619154,-1.2688431761229948
0.7723498550581657,-1.4520404470970332
-0.33028546302718176,-1.9560274575551224
-0.6148553103742921,-1.6525916727848078
1.3335028566704317,-2.732625370192661
-0.07198356871230722,-2.176747137179082
0.06283314472204017,-0.3579703429096508
1.4042221040969212,-2.580382098076573
1.3842637867832788,-1.2226874751082382
-1.0589829986614205,-3.292122355679756
0.6449412690911648,-2.7808722677742717
-0.18013854341681296,-1.3859069211593713
0.7683562307295567,-3.3407532880064448
-0.03704724494655526,-2.8140646875763413
-0.9842525676984069,-2.6430856098176148
-0.15154622803194198,0.09412960074959242
1.1998917491700714,-2.6356094668318897
1.7809409510396452,-1.839625722053469
-0.7143227245630385,-1.872909062021255
-0.8059788803077811,-2.2713416597115392
0.9942864623968184,-2.0536557430847564
-0.14847491199839777,-1.0232339021476413
0.17102871984744894,-1.4223583046395176
1.3477134727986444,-1.275531571586983
-0.18427461901061093,-2.8111389561414883
0.42233382052100543,-1.171636122358225
-0.5617484682040589,-0.6568697703606328
0.2482249876810262,-2.1945737162003867
-0.8098161325757273,-2.4390795833739745
0.254652829679265,-2.8706944139488506
-0.7456039684768385,-0.9695513710066768
0.24987658480502972,-1.8026425836770363
0.8373382762350696,-2.2913743550465706
0.006067066527444543,-2.1686103158362275
-0.8202369957205512,-3.764962220818293
0.932790783224908,-3.87492910572906
0.31623158007966934,-3.4026750082883543
-0.35486119433720886,-2.55703192116815
-0.8901200934717486,-2.4573945394649512
-1.5738269206529767,-3.0461898389971065
1.0532665330701794,-1.6459041586912673
-0.7337582868041802,-2.598813862958077
-0.9852416197374326,-0.630888028090741
0.4570090199587977,-0.8881052762000774
1.2376022476067108,-3.242637504692606
0.9270864036059598,-1.9506772806003436
0.12574067259235894,-1.8475530719220654
0.6616927412605608,-1.6697013240764123
0.027302247299160018,-1.9902310338532765
0.05250517532858686,-1.7056636627156485
-0.33521302526785113,-2.050122404731442
-0.8209540761814519,-2.866301416500182
0.23559294061010733,-1.0484201584568402
0.6873607253581979,-3.7504455101555108
-0.049611131224873005,-2.042782802944438
0.268471034591696,-2.3848902787665907
0.4949889398072353,-1.9758357736895507
0.12371262314497378,-1.7688943366820322
1.1533861217164563,-2.607424319193327
-1.246900072805933,-3.472215418786588
0.8685519859395205,-0.869367442338079
-0.6097731242771508,-2.798146097309009
0.33058835625231525,-4.22827371437792
0.73958842333672,-4.564270167482313
-0.4138665017166715,-2.0120793804121946
-0.9717707923847883,-0.17519847545183787
0.20513560407316286,-0.350265183903812
0.6002238055778898,-3.0679793457296345
-0.7395303703260182,-0.9797682492077757
0.14992151701545137,-3.1696645837679105
-0.567085500361261,-0.8887485964513755
0.3237216022429865,-1.6047953273852156
-0.0016520783494643994,-2.0785544110220098
-0.06115061193812642,-2.7920194358260777
0.8170809611565398,-1.5330171021801227
-1.7775994477483636,-2.9353291851919696
0.6112826801932076,-1.3653195629886026
-0.0012532131630993845,-0.8672091843409533
0.39795811528466835,-2.1684271438601956
0.20891768505683664,-1.9697687069263203
1.3963176440006966,-0.8074249168135632
0.7018747998378032,-2.073671686120504
-1.3489068554813863,-0.37874175711002556
0.6137184241442237,-1.8889604247041405
1.2305923908035077,-0.6659406535760712
0.9764611088719288,-1.2007322966670209
-0.5299867893756242,-1.3207540349995956
0.5657121464497302,-0.6361048039241894
0.5258489782279525,-1.6490919776149147
1.0542653819261056,-0.5341425893957794
1.3821760405782724,-1.7073819247685325
0.7939373879374261,-0.9347436214039933
-1.2560210246510868,-1.2563573501053142
-0.7823408951568102,-1.081140209079647
-0.42730950515277827,-3.467704701009156
2.2231978647430375,-4.637772516536678
1.175382583368731,-1.5349311204933704
-0.5538947641405155,-1.994713689688829
-0.2863128775101245,-2.4001167628461375
-0.29600462662672583,-3.311109688477245
2.0982162763183836,-3.7601231923970104
1.3534290386512458,-4.633629174448943
0.20060930807523925,-1.790681215406717
-0.40378500146525176,-1.9543734175970904
1.1147390341729404,-2.324023064450154
0.5720035379016075,-2.4158211327482744
0.2675069783983026,-1.621767066816983
0.9183509670148383,-2.898146442542585
-0.4653180828545274,-2.156613920834695
0.5826869096246927,-2.246070426123753
-0.035564394279980184,-0.5508608170050744
-0.1447868257594256,-2.201611568637751
0.1470687703607107,-2.852242964510362
-1.2183503912714353,-1.9401185152267566
0.9524823296090361,-2.9754101422795327
-0.13152402690517553,-2.265401171722129
0.18835555731135195,-0.5912154951193145
0.7170308963263432,-0.5446777595761596
0.5081165340346199,-3.247339678459533
1.1146998158326162,-1.9402140480319263
-1.1847200003934064,-2.107500943648872
-0.36332354507852327,-2.3385522375582366
-0.5224334261286782,-2.5579922083093662
0.2675848813859193,-1.639221248184723
0.20535617128831532,-0.004868871688846532
0.8904644141911099,-2.259438940725047
0.82026779305062,-2.108417221975499
-0.33119569411561495,-2.050367109716063
0.3914325549693785,-0.8516984323217687
-0.06173281017636006,-0.3886270498685902
0.28639750859926855,-2.737513880302926
-0.8575429198943828,-1.5660837327186776
-1.2664980687001557,-2.7103361543218547
-1.9847778585583726,-2.1595222660250166
1.0477716628901368,-0.845354310027064
